decade,name,year,municipality
1921,"Aarnseth, Fredrik Olsen",1872,Malung
1921,"Adler, Nils",1878,
1921,"Adelswärd, Axel Theodor",1860,
1921,"Alexanderson, Nils Erik",1875,Stockholm
1921,"Alexandersson, Adolf Edvin",1875,
1921,"Alkman, Edvard Petrus",1867,Stenkullen
1921,"Almkvist, Nils Johan",1875,
1921,"Alströmer, Carl Thore",1879,Mjörnsjö
1921,"Ander, Johan August",1869,Hårsbäck
1921,"Anderson, Anders",1874,Råstock
1921,"Anderson, Arvid",1875,
1921,"Anderson, Carl Arvid",1887,Storegården
1921,"Andersson, Albin",1873,
1921,"Andersson, Anders Birger",1878,
1921,"Andersson, Carl Filip",1865,Falkenberg
1921,"Andersson, Karl Olof",1888,Dunker
1921,"Andersson, Carl Walter",1886,
1921,"Andersson, Axel",1864,
1921,"Andersson, Edoff Emanuel",1892,Stockholm
1921,"Andersson, Elof Bernhard",1873,Flätenborg
1921,"Andersson, Emil",1876,
1921,"Andersson, Henrik",1880,Boda
1921,"Andersson, Herman",1869,Grimbo
1921,"Andersson, Henning Gösta",1877,Kolstad
1921,"Andersson, Jonas",1873,
1921,"Andersson, Jonas Erik",1881,Övanmyra
1921,"Andersson, Karl Emil",1869,Eliantorp
1921,"Andersson, Karl Teodor",1882,Katrineholm
1921,"Andersson, Karl Magnus",1853,Milsmaden
1921,"Andersson, Linus",1875,
1921,"Andersson, Olof",1887,
1921,"Andersson, Pehr August",1863,Knäppinge
1921,"Andersson, Per",1876,
1921,"Andersson, Sven Erik",1870,Hägelåkra
1921,"Antonsson, Anders",1856,Malmö
1921,"Aronson, Ernst Karl",1876,Hedemora
1921,"Asplund, Carl Immanuel",1872,Luleå
1921,"Barnekow, Kjell Ragnar",1877,
1921,"Barthelson, Clemens Gustaf",1854,Halna
1921,"Friis, Johan Gabriel",1862,Söderö
1921,"Bengtsson, Carl Emil",1875,Kullen
1921,"Bengtsson, Sven",1866,Norup
1921,"Berge, Nils Adolf",1869,Hagalund
1921,"Berglund, Jan Erik",1864,Enskede
1921,"Bergman, Ingebrikt",1864,Tännäs
1921,"Bergqvist, Bengt Jakobsson",1860,
1921,"Bergström, David Kristian",1858,
1921,"Bergström, Kristoffer",1880,Högsön
1921,"Bergström, Per Albert",1869,Norrköping
1921,"Bergström, Petrus",1881,Bäckland
1921,"Bernström, Erik Andreas",1875,
1921,"Beskow, Einar August",1880,
1921,"Billqvist, Johan Wilhelm",1867,Skövde
1921,"Bjurström, Theodor",1874,Emanuel
1921,"Björck, Karl Anders",1888,
1921,"Beskow, Gunnar Wilhelm",1879,
1921,"Beskow, Knut Jakob",1876,Hälsingborg
1921,"Bissmark, Georg Fredrik",1871,Halmstad
1921,"Björk, Nils",1866,Tryde
1921,"Björklund, Lars Anton",1881,Hässleholm
1921,"Björkman, Alexis",1853,
1921,"Björkman, Carl Albin",1870,Länghem
1921,"Björkman, Gustaf Adolf",1871,Norrköping
1921,"Björling, Carl Joel",1875,
1921,"Björnberg, Karl Eric",1872,Enköping
1921,"Björnsson, Johan Edvard",1878,Borås
1921,"Blomquist, Josef Herman",1879,Växjö
1921,"Block, Fredrik Ernst",1867,Stockholm
1921,"Boberg, Carl Gustaf",1859,
1921,"Bodin, Lars Gunnar",1872,
1921,"Boman, Gustaf",1861,
1921,"Bondeson, Nils Anton",1872,
1921,"Borell, Karl Gustaf",1869,
1921,"Borg, Karl August",1866,
1921,"Borge, Oscar Fredrik",1862,Stockholm
1921,"Borggren, Lars",1876,Ängelholm
1921,"Branting, Karl Hjalmar",1860,Stockholm
1921,"Bratt, Ivan",1878,Stockholm
1921,"Bruhn, Otto August",1872,Skepparslöv
1921,Jonas Ludvig,1876,
1921,"Bäckström, Werner",1866,Bjursholm
1921,"Bärg, Anders Johan",1870,Katrineholm
1921,"Carleson, Axel Oskar",1870,Stockholm
1921,"Carlson, Carl Vilhelm",1876,Mölndal
1921,"Carlsson, Carl August",1873,Gävle
1921,"Carlsson, Hjalmar",1886,Ystad
1921,"Carlsson, Johan",1864,Hällsbäck
1921,"Carlsson, Olof",1872,Stockholm
1921,"Carlsson, Johan Gustaf",1884,Ystad
1921,"Clason, Samuel",1867,Stockholm
1921,"Carlström, Oscar Ludvig",1879,Helgagård
1921,"Christenson, Johan Birger",1875,
1921,"Clemedtson, Jeppe",1885,Trensum
1921,"Dahl, Peter Adolf",1868,Kristianstad
1921,"Dahlberg, Knut",1877,
1921,Jonas Petter,1881,Kiruna
1921,"Dalberg, Erik",1869,Borlänge
1921,"Danielsson, August",1876,Nils
1921,"Geer, Gerard Louis",1854,
1921,"Ekberg, Alfrida Christina",1874,Huvudsta
1921,"Ekberg, Seve Ellenis",1887,
1921,"Ekeberg, Lars Birger",1880,
1921,"Ekenstam, Carl Theodor",1858,Hösterum
1921,"Edberg, Per Jonas",1878,
1921,"Eklund, Carl Anders",1883,
1921,"Ekman, Carl Gustaf",1872,
1921,"Ekman, Karl Johan",1863,
1921,"Eliasson, Elias Reinhold",1872,Markaryd
1921,"Elisson, Anders Petter",1876,Tvååker
1921,"Elliot, Erik Holger",1887,
1921,"Elmquist, Gustaf Henning",1871,
1921,"Engberg, Jonas Arthur",1888,
1921,"Englund, Ivar Erik",1886,
1921,"Ericson, Frans Oscar",1879,
1921,"Enhörning, Erik August",1860,Kubikenborg
1921,"Ericson, Karl Oscar",1866,
1921,"Ericson, Christian",1868,Oberga
1921,"Eriesson, Aaby Arvid",1859,Gåvetorp
1921,"Ericsson, Axel Emil",1871,
1921,"Erikson, Gustaf Oskar",1876,
1921,"Ericsson, Carl Johan",1868,
1921,"Ericsson, Evald",1883,Sörsjön
1921,"Ericsson, Johan Emil",1881,Sörbo
1921,"Ericsson, Ollas Anders",1858,Ovanmyra
1921,"Erikson, Fredrik Arvid",1865,Stocksund
1921,"Eriksson, Albin",1879,Toftered
1921,"Eriksson, Johan Albert",1857,Jönköping
1921,"Eriksson, Johan Bernhard",1878,
1921,"Eriksson, Erik",1866,Böle
1921,"Eriksson, Erik Gustaf",1876,Västbro
1921,"Eriksson, Ollas Erik",1872,Östanfors
1921,"Erlansson, John",1863,
1921,"Eriksson, Valfrid",1879,
1921,"Ernfors, Oskar August",1864,
1921,Axel Herman,1862,Jönköping
1921,"Falk, Johan Ludvig",1873,Kalmar
1921,"Fast, Johan Erik",1883,Nässjö
1921,"Fager, Charly Artur",1891,Onsala
1921,"Fehr, Martin Nikolaus",1885,Stockholm
1921,"Fagerlund, Emil",1869,
1921,"Fjellman, Johannes",1877,Mathias
1921,"Flognfält, Gustaf",1872,Köla
1921,"Flyg, Nils Svante",1891,
1921,"Forsberg, Hans Gustaf",1881,
1921,"Forssberg, Johan Erik",1865,
1921,"Franzen, Karl Gustaf",1883,Karlstad
1921,"Frost, Henrik Vilhelm",1892,Bodum
1921,"Forssell, Carl Abraham",1881,Stockholm
1921,"Forssell, Carl Arne",1887,Stockholm
1921,Anders Olof,1866,Kälarne
1921,"Forsman, Per Hilding",1886,
1921,"Gabrielsson, Nils",1876,
1921,"Gardell, Arvid Lars",1887,Stenstu
1921,"Gardell, Petter Theodor",1872,Gans
1921,"Geijer, Erik Gustaf",1883,
1921,"Geijer, Knut Ebbe",1864,Per
1921,"Godin, Erik",1866,
1921,"Granath, Per",1882,Hudiksvall
1921,"Granström, Anders Josef",1866,
1921,"Grevesmihl, Carl Adolf",1877,Tillberga
1921,"Grapenson, Peter Jöran",1878,Gällivare
1921,"Gustafson, Arthur Wilhelm",1870,Kasenberg
1921,"Gustafson, Emil August",1887,Vimmerby
1921,"Gustafsson, Anders Petter",1852,Örebro
1921,"Gustafsson, Gustaf Adolf",1875,
1921,"Gustafson, Hjalmar Albin",1883,Stockholm
1921,"Gustafson, Johan Fritiof",1889,Järpås
1921,"Gärde, Johannes Natanael",1880,
1921,"Gustafsson, Per Johan",1880,Benestad
1921,"Göranson, Ernst",1887,Falla
1921,"Hage, Ernst August",1876,
1921,Harald Martin,1884,
1921,"Hallin, Eric Adolf",1870,
1921,"Hamilton, Hugo Erik",1849,Stockholm
1921,"Hamilton, Raoul Gustaf",1855,Ovesholm
1921,"Hammarlund, Nestor",1888,Errarp
1921,"Hamrin, Felix Teodor",1875,Jönköping
1921,Johan Theodor,1867,Bonsarve
1921,"Hansson, Anders Emil",1882,
1921,"Hansson, Axel Hugo",1879,Trollhättan
1921,"Hansson, Eskils Hans",1857,
1921,"Hansson, Gustaf Wilhelm",1878,Gårda
1921,"Hansson, Nils",1867,
1921,"Hansson, Per Albin",1885,Stockholm
1921,"Hansson, Sigfrid",1884,
1921,"Hasselrot, Bror Carl",1882,
1921,Fredrik Wilhelm,1861,Stockholm
1921,"Hedlund, Paulus Samuel",1878,Östersund
1921,"Hedlund, Verner Vilhelm",1883,Östersund
1921,"Hedström, August Helmer",1873,Gäddvik
1921,"Hedvall, Jakob Julius",1886,Göteborg
1921,"Hegardt, Ingeborg",1880,
1921,"Heiding, Gustaf Arthur",1883,
1921,"Hellberg, Johan Adolf",1871,Torshälla
1921,"Hellberg, Karl Mauritz",1859,Karlstad
1921,"Henrikson, Anders",1869,Heberg
1921,"Hellström, Paul",1866,Stockholm
1921,"Herou, Johan Viktor",1889,Österfärnebo
1921,"Heyman, Knut Aron",1870,Vårgårda
1921,"Holmberg, Gustav Anton",1877,
1921,"Hilding, Anders",1869,Sevalbo
1921,"Holmgren, Björn Fritiofsson",1872,Karlskrona
1921,"Holmdahl, Otto Samuel",1881,Stockholm
1921,"Holmner, Fredrik Emanuel",1872,Gunnarn
1921,"Holmgren, Israel Fritiofsson",1871,Stockholm
1921,"Holmström, Karl Wiktor",1868,Stockholm
1921,"Holmström, Nils",1884,Gävle
1921,"Hällgren, Elof Wendel",1887,Hällevik
1921,"Hult, Adam",1870,
1921,"Hultman, Axel Emil",1880,Stenshammar
1921,"Igel, Johan Peter",1855,Getebol
1921,Carl Johan,1880,Varpnäs
1921,"Ingmansson, John",1845,Stockholm
1921,"Isacsson, Ola",1885,
1921,"Isaksson, Anders Viktor",1855,Västervik
1921,"Jansson, Carl Petter",1855,Edsbäcken
1921,"Jansson, Carl Robert",1868,Falun
1921,"Jansson, Johan Ivar",1893,Talby
1921,"Jeansson, John",1865,
1921,"Jensen, Martin Christian",1881,Lund
1921,"Jeppsson, Ola",1887,
1921,Jöns Peter,1861,Dorisborg
1921,"Johanson, Carl",1851,Gäre
1921,"Johanson, Carl Johan",1871,Hörninge
1921,"Johanson, Carl Oskar",1870,Huskvarna
1921,"Johanson, Gustav Albert",1887,Hallagården
1921,"Johansson, Anders Johan",1863,Bro
1921,"Johansson, August Wilhelm",1864,Lövholmen
1921,"Johansson, Carl",1856,Hälsingborg
1921,"Johansson, Carl Johan",1867,Uppmälby
1921,"Johansson, Carl Oscar",1875,Sollefteå
1921,"Johansson, Emil Gereon",1885,
1921,"Johansson, Erik Gustaf",1864,
1921,"Johansson, Johan",1870,Tväråselet
1921,"Johansson, Johan Bernhard",1877,Fredrikslund
1921,"Johansson, Johan Lennart",1884,Fårekulla
1921,"Johansson, Johan Peter",1874,
1921,"Johansson, Johan Otto",1869,Väby
1921,"Johansson, Karl",1880,
1921,"Johansson, Nils",1864,Brånalt
1921,"Johansson, Olof",1867,Edsbyn
1921,"Johansson, Sven Albert",1875,Krogstorp
1921,"Johnsson, Gustaf Leonard",1887,Kalmar
1921,"Jonsson, Carl Johan",1855,Mörkhult
1921,"Jonsson, Johan August",1851,Hökhult
1921,"Johnsson, Johan Georg",1877,Norrahammar
1921,"Jonsson, Johan Oskar",1869,Remröd
1921,"Jonsson, Oscar Magnus",1880,Risinge
1921,"Jonsson, Per Conrad",1886,Eskilstuna
1921,"Jonsson, Per Ewert",1869,Lycksele
1921,"Julin, Fredrik",1873,
1921,"Julin, Johan Hjalmar",1880,
1921,"Jönsson, Ernst Bruno",1866,Långenäs
1921,"Jönsson, Johan",1875,Revinge
1921,"Järte, Otto Edvard",1881,Stockholm
1921,"Jönsson, John",1862,Boa
1921,"Jönsson, Jöns",1867,
1921,"Jönsson, Swen",1877,Fridhill
1921,"Kaijser, Fritz Richard",1868,Härnösand
1921,"Kant, Karl Gustaf",1872,Uppsala
1921,"Karlfeldt, Erik Axel",1864,
1921,"Karlsson, Gottfrid",1872,Gillberga
1921,"Karlsson, John Otto",1855,Västerås
1921,"Karlsson, Karl Gustaf",1889,
1921,"Karlsson, Karl Verner",1880,Grängesberg
1921,"Karlsson, Oscar Gottfrid",1882,Vadstena
1921,"Karlsson, Sven Johan",1874,Nynäshamn
1921,"Kilbom, Karl",1885,
1921,"Kinmansson, Henrik Selfrid",1874,Stockholm
1921,Johan Fredrik,1881,Algabäck
1921,"Klefbeck, Ernst Alarik",1866,Stockholm
1921,"Kloo, Karl Oskar",1867,Karlskrona
1921,"Knutsson, Carl Konstantin",1878,Linköping
1921,"Kobb, Gustaf",1863,
1921,"Koch, Richert Gerhard",1872,Djursholm
1921,"Kristensson, Emil",1879,
1921,"Kropp, Martin",1878,Åstorp
1921,"Krusenstjerna, Adolf Wilhelm",1851,
1921,"Kvarnzelius, Svante Herman",1864,
1921,"Källman, Gustaf Wilhelm",1877,Sundbyberg
1921,"Lagerbjelke, Johan Gustaf",1860,
1921,"Lagerkwist, Frans Sigurd",1887,Ånge
1921,"Lagerqvist, Frans Axel",1865,Klappa
1921,"Lagerfelt, Israöl Christian",1874,Malmslätt
1921,Charles Laurentius,1865,
1921,"Lamm, Herman Fredrik",1853,Stockholm
1921,Gustaf Anton,1870,Halmstad
1921,"Larson, Carl",1871,Larson
1921,"Larson, Viktor Edward",1867,Lerdala
1921,"Larsson, Carl Otto",1871,Sjötorp
1921,"Larsson, Curt Lauritz",1887,Göteborg
1921,"Larsson, Jacob Timoteus",1851,
1921,"Larsson, Johan",1877,
1921,"Larsson, Johan August",1875,
1921,"Larsson, Per Adolf",1872,Ojersbyn
1921,"Larsson, Svening Alfred",1856,Kroken
1921,"Larsson, Viktor",1869,Västerås
1921,"Laurin, Harald",1875,
1921,"Leander, Urik",1858,Karlskrona
1921,"Leffler, Justus Edvin",1875,Kinna
1921,"Leo, Henning",1885,
1921,"Levinson, Karl Samuel",1885,
1921,"Lilliecreutz, Samuel Henrik",1866,Jönköping
1921,"Lilienberg, Berndt Nils",1872,
1921,"Lind, Olof",1861,Nås
1921,"Lindberg, Elof Herman",1891,Umeå
1921,"Lindblad, Anders Christenson",1866,Göteborg
1921,"Linder, Fredrik William",1876,
1921,"Linders, Sven",1873,Nevitshög
1921,"Lindgren, Anders",1875,
1921,"Lindhagen, Carl Albert",1860,Appelviken
1921,"Lindley, Charles Gustaf",1865,
1921,"Lindley, Ernst Isidor",1878,Söderhamn
1921,"Lindman, Ernst Arnold",1877,
1921,"Lindman, Salomon Arvid",1862,
1921,"Lindmark, Ewald Eugen",1885,Drängsmark
1921,"Lindqvist, August Herman",1863,Stockholm
1921,"Lindqvist, Axel Albert",1878,Halmstad
1921,"Lindqvist, Fritz Leander",1865,Stockholm
1921,"Lindskog, Claes",1870,
1921,"Lindskog, Carl Johan",1879,Billinge
1921,"Lindstedt, Gustaf Ferdinand",1883,
1921,"Lindstrand, Nils",1869,Valdemarsvik
1921,"Lindström, Alfred",1879,Långnäs
1921,"Lindström, Per Elof",1863,
1921,"Lithander, Olof Axel",1870,Göteborg
1921,"Ljungberg, Axel Emil",1882,Lysekil
1921,"Ljung, Erik Walfrid",1878,
1921,"Ljunggren, August",1874,
1921,"Ljungkvist, Sven Edvin",1880,Borås
1921,"Ljunglund, Leonard Kristian",1867,Stockholm
1921,"Lorichs, Lorentz Ludvig",1867,Bernshammar
1921,Carl Olof Nilsson,1874,Malmö
1921,"Lundberg, Måns Bengtsson",1867,Malmö
1921,"Lundbom, Johan Erik",1876,Stordalen
1921,"Lundell, Ernst August",1857,Torestorp
1921,August Wilhelm,1869,Mosseberg
1921,"Lundgren, Ernst",1873,Röhammar
1921,"Lundkvist, Bror Karl",1878,Eskilstuna
1921,"Lundquist, Carl Oscar",1860,Baggarbo
1921,"Lundquist, Ragnar",1885,Rotebro
1921,"Lundstedt, Anders Vilhelm",1882,Uppsala
1921,"Lundström, Adolf Linus",1870,Långnäs
1921,"Lundström, Gustaf Harald",1890,Boden
1921,"Lundvik, Vilhelm Göran",1883,
1921,"Luterkort, Salli",1884,Sundsvall
1921,"Liibeck, Sven Edvard",1877,
1921,"Lybeck, Otto Emil",1871,
1921,"Lyberg, Ernst Emil",1874,
1921,"Löfgren, Jonas Eliel",1872,Stockolm
1921,"Löfvander, Axel",1880,Kvarnby
1921,"Lövgren, Oscar Wilhelm",1888,Nyborg
1921,"Magnuson, Paul",1876,Stockholm
1921,"Magnusson, Ernst Otto",1864,Tumhult
1921,"Magnusson, Karl Ernst",1873,Kalmar
1921,"Magnusson, Karl Hilding",1877,Skövde
1921,"Malm, Carl Gösta",1873,Bit
1921,Gustaf Henrik,1869,Västervik
1921,"Malmroth, Carl Anders",1874,
1921,Karl Frithiof,1869,Åmål
1921,"Meurling, Carl Henrik",1876,
1921,"Modig, Axel",1859,Eskilstuna
1921,"Mogård, Johan Adolf",1892,Karlskoga
1921,"Molander, Helmer",1892,Säbrå
1921,"Molin, Carl August",1875,Aspa
1921,"Moll, Victor Ludvig",1858,
1921,"Montelius, Gustaf Oscar",1843,
1921,"Morfeldt, Hans",1879,
1921,"Mosesson, Gustav Adolf",1877,Lidingö
1921,"Murray, Walter",1871,
1921,"Månsson, Karl Fabian",1872,Hagaström
1921,"Månsson, Nils",1869,Erlandsro
1921,"Månsson, Per August",1857,Backa
1921,"Mårtensson, Johannes Victor",1885,Uddevalla
1921,"Möller, Fritz Gustav",1884,Stockholm
1921,"Nilson, Erik Agabus",1862,Örebro
1921,"Nilson, Karl August",1864,Kristinehamn
1921,"Nilsson, Alexander",1876,
1921,"Nilsson, Carl Petrus",1881,
1921,"Nilsson, Erik Gustaf",1860,Vibberbo
1921,"Nilsson, Gustaf",1880,Kristianstad
1921,"Nilsson, Janne",1882,
1921,"Nilsson, Johan",1873,
1921,"Nilsson, Nils Anton",1874,Ostrabo
1921,"Nilsson, Nils August",1867,Kabbarp
1921,"Nilsson, Nils Erik",1866,Antnäs
1921,"Nilsson, Olof",1874,Orebro
1921,"Nilsson, Per",1865,Bonarp
1921,"Norberg, Rudolf Emil",1856,
1921,"Nordborg, Oskar Anshelm",1875,Göteborg
1921,"Nordgren, Olivia Louise",1880,Trälleborg
1921,"Nordkvist, Erik Bernhard",1889,Skara
1921,"Norin, Per",1863,Norråsen
1921,"Norling, Herman",1889,Lesjöfors
1921,"Norling, Nils Sigfrid",1880,Gävle
1921,"Norman, David",1887,Fagersta
1921,"Norman, Johannes David",1879,
1921,"Norsell, Anders",1874,
1921,"Nothin, Torsten Karl",1884,Stockholm
1921,"Nygren, Erik Vilhelm",1897,Stockholm
1921,"Nylander, Karl Axel",1888,Borås
1921,"Näslund, Per Johan",1886,Åsele
1921,Olauson Knut Arvid,1859,
1921,"Olofsson, Johan",1860,Digernäs
1921,"Olovson, Oskar Emil",1883,Västerås
1921,"Olsson, Anders",1885,Mora
1921,"Olsson, Anders Gustaf",1879,Torsby
1921,"Olsson, Carl Gustaf",1885,Golvvasta
1921,"Olsson, Carl Petrus",1881,Mellerud
1921,"Olsson, Cornelius",1857,Berg
1921,"Olsson, Erik Gustaf",1876,Broddby
1921,"Olsson, Gustaf",1867,Ramsta
1921,"Olsson, Gustav Adolv",1886,Gävle
1921,"Olsson, John Rikard",1878,Osterbo
1921,"Olsson, Karl Olof",1880,Oljersjö
1921,"Olsson, Lars",1869,Hov
1921,"Olsson, Nils",1873,Rödningsberg
1921,"Olsson, Nils Olof",1868,Rösta
1921,"Olsson, Olof",1859,
1921,"Olsson, Oscar Nathanael",1856,Broberg
1921,"Olsson, Oscar Ulrik",1877,
1921,"Olsson, Per Edvard",1877,Högby
1921,"Olsson, Per Valerius",1862,Kalmar
1921,"Olsson, Peter Magnus",1857,Blädinge
1921,"Olsson, Sven August",1870,
1921,"Olsson, Ählmans Olof",1866,Insjön
1921,"Osberg, Oscar",1872,Åseby
1921,"Palme, Sven Theodor",1854,
1921,"Pauli, Ivan Hjalmar",1885,
1921,"Paulsen, Anders",1876,Arlöv
1921,"Pehrsson, Axel Alarik",1883,Bramstorp
1921,"Pehrsson, Per",1867,Göteborg
1921,"Pers, Anders",1860,Västerås
1921,"Persson, Alfred",1862,Björsbyholm
1921,"Persson, Gunnar",1885,Falla
1921,"Persson, Johan Albert",1887,Tidaholm
1921,"Persson, Nils",1865,Malmö
1921,"Persson, Per",1869,Trången
1921,"Persson, Per Johan",1867,Tofta
1921,"Persson, Swen",1875,Fritorp
1921,"Petersson, Anders Birger",1885,Lerbacksbyn
1921,"Petersson, Martin Lucas",1870,Broaryd
1921,Bror August,1870,Ystad
1921,Daniel Alfred,1867,
1921,"Pettersson, Alfred",1865,Vråtsered
1921,"Pettersson, Anton",1879,Västerås
1921,"Pettersson, August Wilhelm",1871,Köping
1921,"Pettersson, David Hjalmar",1866,Bjälbo
1921,"Pettersson, Gustaf Kristoffer",1885,Hällbacken
1921,"Pettersson, Ivar Jonas",1876,Stäringe
1921,"Pettersson, Jakob Gustav",1866,Södertälje
1921,"Petterson, Olaus",1857,
1921,"Pettersson, Salomon Malkolm",1862,Smålandsstenar
1921,"Philipson, Sten Isak",1861,
1921,"Poppius, Daniel",1882,
1921,"Prytz, Björn Gustaf",1887,Göteborg
1921,"Pålsson, Jöns",1870,Anderslöv
1921,"Rehn, Johan",1865,
1921,August Axel,1870,
1921,"Ribbing, Sigurd",1879,
1921,"Rogberg, Axel Herman",1865,Ånäset
1921,"Romanus, Carl Bernhard",1876,Stockholm
1921,"Roos, Gustaf Wilhelm",1859,
1921,"Rooth, Axel Rudolf",1858,Ljungby
1921,"Rooth, Ivar",1888,
1921,"Ros, Carl Axel",1866,Årås
1921,"Rosander, Per Gustaf",1882,Målerås
1921,"Rosen, Gustaf Fredrik",1855,
1921,Ernst Johan Gustaf,1876,Umeå
1921,"Roth, Johan Gustaf",1876,
1921,Per Emanuel,1874,Backe
1921,"Rune, Axel Olof",1866,Västervik
1921,"Ryberg, Karl Arthur",1882,
1921,Klas Värner,1878,
1921,"Rydström, Eric",1881,Vråen
1921,Erik Petter Waldemar,1866,Göteborg
1921,"Samuelson, John Arthur",1881,
1921,"Samuelson, Per Oskar",1885,Stockholm
1921,"Samuelsson, Bengt Robert",1886,Ladeå
1921,"Sandberg, Olov Evert",1886,Böle
1921,"Sandegård, Karl Johan",1880,
1921,John Erik,1887,Karlstad
1921,"Sandler, Rickard Johan",1884,Stockholm
1921,"Sandström, Nils Victor",1874,Nyland
1921,"Sandwall, Fredrik Vilhelm",1877,Stockholm
1921,"Schedin, Carl Gustaf",1868,Milsbo
1921,"Schill, Lars August",1873,Västermo
1921,"Schotte, Per Axel",1860,
1921,"Sederholm, Gustaf Robert",1868,Nyköping
1921,"Sehlin, Carl Johan",1873,Östersund
1921,"Selberg, Gustaf Reinhold",1884,Svartbyn
1921,Otto Baltzar Arvid,1871,Koberg
1921,"Sjöblom, Per Henning",1875,
1921,"Sjögren, Carl",1869,Motala
1921,"Sjölander, Oskar Efraim",1880,Kungsängen
1921,"Sjöström, Algot Natanael",1879,Göteborg
1921,"Skoglund, Johan Martin",1892,Doverstorp
1921,"Sköld, Per Edvin",1891,
1921,"Smedh, Herman Daniel",1891,Bergkarlås
1921,"Sneidern, Axel Wilhelm",1875,
1921,"Sommelius, Malte",1851,Hälsingborg
1921,"Spens, Jakob Wilhelm",1861,
1921,"Spångberg, August Konrad",1893,Charlottenberg
1921,"Starbäck, Karl",1863,Stockholm
1921,Johan Algot,1868,Skellefteå
1921,"Stjernberg, Nils Fredrik",1873,
1921,"Stjernstedt, Johan Lars",1865,Änhammar
1921,"Strid, Carl Oskar",1875,
1921,"Stridsberg, Erik Rudolf",1884,
1921,"Strindlund, Gerhard",1890,Skedom
1921,"Strutz, Frans Oskar",1864,Katrineholm
1921,"Ström, Johan Albin",1892,Göteborg
1921,"Ström, Otto Fredrik",1880,Äppelviken
1921,"Ström, Torsten Emanuel",1885,Lidköping
1921,"Strömberg, Gustaf Alfred",1880,Karlstad
1921,"Sundberg, Axel Ludvig",1869,Lysekil
1921,"Sundling, Carl Axel",1871,Söderby
1921,"Sundström, Fredrik",1886,Vikmanshyttan
1921,"Swartz, Carl Johan",1858,Stockholm
1921,"Svedberg, Jonas Nikolaus",1881,
1921,"Svedman, Gustaf Adolf",1878,Visby
1921,"Svensson, Carl Alfred",1861,Skönsberg
1921,"Svenson, Ernst Wilhelm",1880,Eskhult
1921,"Svensson, Carl Emil",1879,
1921,"Svensson, Gustaf Hjalmar",1861,Grönvik
1921,"Svensson, Isak",1864,
1921,"Svensson, Johan August",1859,Högsjöhult
1921,"Svensson, Johan Gustaf",1864,Betingetorp
1921,"Svensson, Nils",1861,Långelanda
1921,"Svensson, Nils Johan",1871,Kompersmåla
1921,"Svänsson, Edvard Elieser",1865,Kalmar
1921,"Svärd, Gottfrid",1880,Holsbybrunn
1921,"Sydow, Adolf Hjalmar",1862,Stockholm
1921,"Sydow, Oscar Fredrik",1873,
1921,"Säve, Teofron Adolf",1842,
1921,"Sävström, August Vilhelm",1879,Bollnäs
1921,"Söderberg, Karl Johan",1877,
1921,"Söderhielm, Knut Erik",1871,
1921,Ludvig Hugos,1876,Fagersta
1921,"Tamm, Elisabeth",1880,Fogelstad
1921,"Tamm, Henric Sebastian",1869,
1921,"Tengdahl, Knut Abel",1867,Appelviken
1921,Hjalmar Gus,1878,Kristianstad
1921,"Thelin, Arvid",1876,
1921,"Thomson, Arthur Natanael",1891,
1921,"Thorberg, Johan Arvid",1877,Stockholm
1921,"Thore, Alexander",1866,Göteborg
1921,Carl August,1874,Växjö
1921,"Thorsell, Johan August",1867,Getingeberg
1921,"Thorsson, Fredrik Vilhelm",1865,Ystad
1921,Ossian Jöns,1883,
1921,Johan Carl Wilhelm,1861,
1921,"Thiiring, Nelly",1875,Göteborg
1921,"Tjällgren, Olof Leonard",1878,Multrå
1921,"Träff, Johan Axel",1875,Mjölby
1921,"Törnkvist, Algot Äkesson",1879,Karlskrona
1921,"Törnkvist, Nils Kortz",1868,Bjuv
1921,"Uddenberg, Edvard Jansson",1870,Karlskoga
1921,"Uddenberg, Erik Amund",1880,Varberg
1921,"Wachtmeister, Axel Hans",1886,Vambåsa
1921,"Wachtmeister, Axel Hansson",1855,Karlskrona
1921,"Wagnsson, Ruben",1891,Oskarshamn
1921,"Wahl, Gustaf Adolf",1878,Stockholm
1921,"Wahlmark, Carl Primus",1883,Uppsala
1921,"Vahlstedt, Carl Otto",1874,
1921,"Wahren, Carl",1866,
1921,"Waldem, Sten Ragnar",1877,Olvingstorp
1921,Ola Hansson,1869,Landskrona
1921,"Wallerius, Anders Teodor",1874,Hjärtum
1921,"Walles, Janne Gustaf",1871,Sundsvall
1921,"Ward, Karl Selim",1888,Norrköping
1921,"Wavrinsky, Edvard Otto",1848,
1921,"Weibull, Harry Walfrid",1875,Weibullsholm
1921,"Weijne, Johan Josef",1893,Borås
1921,"Wellin, Bertha",1870,Stockholm
1921,"Vennersten, Axel Fredrik",1863,Stockholm
1921,"Vennerström, Ivar Teodor",1881,Sollefteå
1921,"Werner, Alfred",1885,Hultsfred
1921,"Wessman, Signe Augusta",1879,Stockholm
1921,"Westman, Karl Allan",1883,Brobygård
1921,"Westman, Karl Gustaf",1876,Uppsala
1921,"Wickman, Carl Gustaf",1856,Stockholm
1921,"Widell, Jakob Ludvig",1870,Stockholm
1921,"Wigforss, Ernst Johannes",1881,Göteborg
1921,"Wijk, Hjalmar",1877,
1921,"Wijkström, Uno Andreas",1872,Marieholm
1921,"Wiklund, Adolf",1859,Brattfors
1921,"Wiklund, Johan Bernhard",1886,Byske
1921,"Wikström, Anton",1876,Skellefteå
1921,"Vinberg, Carl",1867,
1921,"Vindahl, Axel",1866,
1921,"Winkler, Nils",1870,Malmö
1921,"Wirsell, Karl Emil",1868,Kastlösa
1921,"Vougt, Allan Georg",1895,Malmö
1921,"Vrang, Erik Persson",1870,Falköping
1921,"Wrangel, Anton Magnus",1857,
1921,"Steyern, Nils Einar",1887,
1921,"Västberg, Johan Mauritz",1886,Sundsvall
1921,"Åkerberg, Olof Harald",1883,Örebro
1921,"Åkerlund, Erik Gabriel",1853,
1921,"Åkerman, Assar Emanuel",1860,
1921,"Åström, Ernst Valdemar",1876,
1921,"Öberg, Carl Jonas",1859,Domsjö
1921,"Ödström, Petrus",1868,Hammar
1921,"Öhman, Eric Oscar",1886,Sundsvall
1921,"Öhman, Ivar Erik",1868,Malmö
1921,"Öhman, Johan Viktor",1877,
1921,"Öhngren, Henrik Gustaf",1853,Örnsköldsvik
1921,"Örne, Anders Emanuel",1881,Stockholm
1921,"Östberg, Johan",1855,Stockholm
1921,"Östergren, Theodor",1878,Karlskrona
1921,"Östlund, Agda Maria",1870,Stockholm
1921,Hilma Olivia,1930,Pensioner
1931,Erik Rudolf,1891,Malmö
1931,Karl Einar,1890,Norrtälje
1931,Axel Eskil Albert,1880,Tenhult
1931,Helge Knut Hjalmar,1880,Stockholm
1931,Carl Thore Jonas,1879,Mjörnsjö
1931,Hildur Maria,1886,
1931,Johan August,1875,Brålanda
1931,Hugo Rudolf,1892,Vollsjö
1931,Anders Birger,1885,Lerbäcksbyn
1931,Axel Ivar,1891,Norrköping
1931,Carl Arvid,1887,Storegården
1931,Carl Olov Harald,1888,
1931,Carl Walter Martin,1886,Igelboda
1931,Ebon Maria Isabella,1896,
1931,Edoff Emanuel,1892,Stockholm
1931,Einar Sigfrid,1895,Hyssne
1931,Elof Bernhard,1873,Fältenborg
1931,Gustav Emil,1890,Leabo
1931,Gustaf Henning,1884,Rasjön
1931,Gustaf Iwar,1883,Arboga
1931,Gösta Ludvig,1904,Mölndal
1931,Johan Albert,1885,Norrköping
1931,Johan Elon,1891,Bollnäs
1931,Johannes Allan,1886,Tungelsta
1931,Jones Erik,1881,Ovanmyra
1931,Karl Abel Mauritz,1887,Löbbo
1931,Karl Andreas,1875,Djursholm
1931,Karl Bertil,1897,Surahammar
1931,Karl Emil,1868,Solberga
1931,Karl Herman,1889,Rixö
1931,Karl Teodor,1882,Katrineholm
1931,Nils Axel,1891,Östersund
1931,Oscar Sigfrid,1889,Torngård
1931,Oskar Emil,1883,Västerås
1931,Oskar Linus,1875,Lindome
1931,Paul Werner,1887,Köpinge
1931,Sven Erik,1870,Hägelåkra
1931,Sven Johan,1898,Vigelsbo
1931,Per Wilhelm,1886,Östersund
1931,Gustaf Emil,1888,Stockholm
1931,Anders Rudolf,1885,Vallentuna
1931,Ernst Karl,1876,Hedemora
1931,Carl Immanuel,1872,Luleå
1931,Gösta Adolfsson,1882,Stockholm
1931,Kjell Ragnar Mac,1877,Sörbytorp
1931,Johan Wilhelm,1881,Bengtstorp
1931,Carl Sigvard,1891,Stockholm
1931,Carl Emil,1879,Stocksund
1931,Carl Ludvig,1874,
1931,Ernst Gunnar Harald,1886,
1931,Robert Vilhelm Färdinand,1877,Karlskrona
1931,Enar Sigfrid Harald,1888,Strömnäs
1931,Thorwald Erik Natanael,1899,
1931,David Kristian,1858,Djursholm
1931,Karl Anton Edvard,1888,Hälsingborg
1931,Per Albert,1869,Norrköping
1931,John Helmer,1892,Stockholm
1931,Edwin Bernhard,1881,Hälsingborg
1931,Gustaf Emanuel,1892,Jönköping
1931,Georg Fredrik,1871,Halmstad
1931,Theodor Emanuel,1874,Hedemora
1931,Blenda Wilhelmina,1885,
1931,Karl Anders Wilhelm,1888,Djursholm
1931,Karl Olof Emanuel,1879,Kristianstad
1931,Lars Anton,1881,Hässleholm
1931,Gustaf Adolf,1878,Visby
1931,Per Gustaf,1882,
1931,Carl Joel,1875,
1931,Karl Erie,1872,Uppsala
1931,Johan Edvard,1875,Storegården
1931,Eric Helgo,1887,Malmö
1931,Josef Herman,1879,Växjö
1931,Carl Gustav,1859,Kalmar
1931,Karl Wilhelm,1871,Trangärd
1931,Lars Gunnar,1872,
1931,Sven Birger,1895,Avesta
1931,Karl Gustav Theodor,1869,
1931,Karl August Olsson,1866,Upplandsbodarna
1931,Erik Gottfrid Christian,1884,Söderby
1931,Johan Herman,1888,Notviken
1931,Carl Magnus Larsson,1884,Lysekil
1931,Jonas Ludwig,1876,Brännan
1931,Nils Anton,1877,Burträsk
1931,Helge Karl Vilhelm,1880,Falköping
1931,Oscar Hugo,1882,Stockholm
1931,Axel Fredrik,1863,Stockholm
1931,Helge Mattias,1865,
1931,Johan Magnus,1876,Teg
1931,Anders Johan,1863,Bro
1931,Gustaf Torsten,1896,Luleå
1931,Axel Oskar Conrad,1868,Stockholm
1931,Carl August,1874,
1931,Karl Sigurd Anders,1870,Solberga
1931,Carl Fredrik,1882,
1931,Oscar Ludvig,1879,
1931,Arthur Wilhelm,1870,Kasenberg
1931,Frans Gustaf Sture,1887,
1931,Johan Birger,1875,Södertälje
1931,Nils Henrik,1883,Hälsingborg
1931,Sven Tycho,1871,Trollhättan
1931,Per Axel,1873,
1931,Oscar Fredrik,1886,Jönköping
1931,Jonas Petter,1881,Kiruna
1931,Carl Herman,1891,Malmö
1931,Oskar Emanuel,1882,Södertälje
1931,Arvid Louis Gerard,1884,Hanaskog
1931,John Gustaf Gerard,1889,
1931,Johan Fritiof,1889,Domö
1931,Per Jonas,1878,Borgsjö
1931,Erik Wiktor,1872,Locketorp
1931,Gustaf Theodor,1883,Tranås
1931,Ove Johan,1896,Göteborg
1931,Seve Ellenis,1887,
1931,Anders Elver Thorvald,1888,Nyvång
1931,Johan Anton,1883,Skultuna
1931,Maria Elvira,1880,Ösmo
1931,Carl Gustaf,1884,Överum
1931,Carl Josef,1870,Göteborg
1931,Johan Fritjof,1888,Stockholm
1931,Carl Ivar,1890,Filipstad
1931,Erik Holger,1887,
1931,Arthur Erik,1892,Tierp
1931,Gustaf Sanfrid,1897,
1931,Nils Johan,1890,Kristianstad
1931,Jonas Arthur,1888,
1931,Erik Adolf,1870,Hjalmar
1931,Ivar Erik Bernhard,1886,Falun
1931,Erik August,1888,Falun
1931,Carl Hugo Vilhelm,1893,Evald
1931,Frans Oscar,1879,Boxholm
1931,John August,1907,Kinna
1931,Johan Elof,1887,Åtvidaberg
1931,Karl Oscar,1866,Göberga
1931,Carl Edmund,1881,Ljusdal
1931,Ernst Gustaf Eug,1881,Stockholm
1931,Eskil Fredrik Vilhelm,1900,Sandby
1931,Gustaf Herman,1892,
1931,Johan Bernhard,1886,Byske
1931,Jonas Olof,1896,Frägsta
1931,Tage Fritiof,1901,
1931,Ernst Wilhelm,1880,Eskhult
1931,Karl Henrik,1890,Grebo
1931,Johan Erik Gereon,1883,Nässjö
1931,Martin Nikolaus,1885,Stockholm
1931,Nils Svante,1891,
1931,Johannes Albert,1881,Spånga
1931,Johan Erik,1865,Karlskrona
1931,Carl Abraham,1881,Stockholm
1931,Carl Arne,1887,Stockholm
1931,Per Hilding,1886,
1931,John Evert Konrad,1900,Norrtälje
1931,Gustaf Manfred,1881,Finnerödja
1931,Anders Olof,1876,Arlöv
1931,Axel Samuel,1883,
1931,Nils Gabriel,1876,Teg
1931,Arvid Lars Johan,1887,Stenstu
1931,Petter Theodor,1872,
1931,Knut Ebbe,1864,Stockholm
1931,Lars Evald Birger,1894,Falun
1931,Sigrid Maria Fredrika,1891,Per
1931,Anders Josef,1866,Vivstavarv
1931,Peter Jöran,1878,Gällivare
1931,Carl Petrus Valdemar,1881,
1931,Emil August,1887,Vimmerby
1931,Frans Edvin,1888,Bogla
1931,Johan Aron,1880,
1931,"Domö, Johan Fritiof",1899,John
1931,Karl Hjalmar,1893,Dädesjö
1931,Karl Johan Alfred,1862,Stensholm
1931,Per Johan,1880,Benestad
1931,Ruth Valborg Maria,1881,Stockholm
1931,David Emanuel,1898,
1931,John Aron,1890,Guntorp
1931,Ragnar Hugo Ferdi,1891,
1931,Christian Ernst,1886,
1931,Johannes Natanael,1880,Stockholm
1931,Johan Oscar,1896,
1931,Karl Hilding,1877,Skövde
1931,Nils Elof,1885,Klinta
1931,Ernst August,1857,Torestorp
1931,Emil Oskar,1880,Ulvsunda
1931,Hans Leonard,1881,Kyrktåsjö
1931,Gustav Albert,1887,Hallagården
1931,Harald Martin,1884,Arvika
1931,Raoul Gustaf,1855,Ovesholm
1931,Carl Gustav Valdemar,1865,Stockholm
1931,Knut Hjalmar Leo,1862,
1931,Felix Teodor,1875,
1931,Anders Emil,1882,Trollhättan
1931,Axel Ludvig,1869,Lysekil
1931,Frans Einar,1890,Hönö
1931,Gustav Adolf,1877,Lidingö
1931,Gustav Wilhelm,1877,Sundbyberg
1931,Per Albin,1885,Ålsten
1931,Sven Villiam,1898,Svartbyn
1931,Nils Henrik Åke,1893,Stockholm
1931,Paulus Samuel,1878,Häste
1931,Verner Vilhelm,1883,Östersund
1931,Jakob Julius,1886,Göteborg
1931,Gustaf Arthur,1883,
1931,Karl Erik Hjalmar,1894,
1931,Karl Mauritz Bernhard,1859,Karlstad
1931,Carl Gustaf Ingemar,1896,Stockholm
1931,Karl Torsten,1906,
1931,Nils Torsten,1903,Stockholm
1931,Herbert Eugen,1906,
1931,Johan Viktor,1889,Stålbo
1931,Karl Emil Hildebrand,1870,
1931,Sven Peter,1890,Bråta
1931,Gustav Engelbert,1883,
1931,Åke Ernst Vilhelm,1889,Uppsala
1931,Otto Samuel,1881,Stockholm
1931,Björn Frithiofsson,1872,Karlskrona
1931,Israel Fritiofsson,1871,Stockholm
1931,Allan Fredrik Adolf,1878,Alversjö
1931,Ernst Carl,1887,Motala
1931,Leopold Robert,1879,
1931,John Gottfrid,1888,
1931,Axel Emil,1880,Stenshammar
1931,Hildur Amalia Maria,1889,Munkfors
1931,Gunnar Richardsson,1904,
1931,Elof Wendel,1887,Hällevik
1931,Karl Alger,1887,Norrköping
1931,Carl Wilhelm Oskar,1868,Göteborg
1931,Nils Wilhelm,1936,
1931,Carl Johan,1867,
1931,Carl Gösta,1895,Mjölby
1931,Uddo Rudolv,1886,Vilhelmina
1931,Carl Petter,1858,Edsbäcken
1931,Carl Robert,1862,Jönköping
1931,August Wilhelm,1869,Barkarby
1931,Carl Oscar,1875,Sollefteå
1931,Elsa Amalia,1888,
1931,Erik Joel,1891,Öckerö
1931,"Hallagård, Gustav Albert",1872,Johan
1931,"Friggeråker, Johan",1870,Johan
1931,Johan Helmer,1895,Norrfors
1931,Johan Lennart,1884,Fårekulla
1931,Johan Otto,1869,Väby
1931,Johan Peter,1874,Hornsberg
1931,Karl August,1886,Stockholm
1931,Karl Edvard,1882,Stockholm
1931,Knut Emil,1889,
1931,Nils Ivar,1899,Mysinge
1931,Sven Albert,1875,Krogstorp
1931,Gustaf Leonard,1887,Kalmar
1931,Johan Georg,1877,Norrahammar
1931,Carl Arvid Daniel,1886,Skedsbygd
1931,Karl Ejnar Edvin,1872,Mörbylånga
1931,Lars Johan,1892,Haverö
1931,Oscar Magnus,1880,
1931,Per Conrad,1886,Eskilstuna
1931,Otto Edvard Fridolf,1881,Stockholm
1931,Arvid Sigfrid,1886,Granebo
1931,Karl Gustaf,1898,
1931,Karl Verner,1880,Grängesberg
1931,Oscar Gottfrid,1882,Vadstena
1931,Ernst Alarik,1866,Stockholm
1931,Svante Herman,1864,Falun
1931,Karl Folke Fritiof,1901,Kyrestad
1931,Israel Christian Gustaf,1874,
1931,Axel Herman,1898,Bjäresjö
1931,Gustav Anton,1870,Halmstad
1931,Erik Waldemar,1898,Mörlanda
1931,Gustaf Sigfrid,1896,Julita
1931,Nils August,1867,Kabbarp
1931,Sven Bernhard,1881,Varberg
1931,Viktor Edward,1867,Lerdala
1931,Justus Edvin,1875,Kinna
1931,Henning Vilhelm,1885,Lidingö
1931,Karl Samuel,1885,
1931,Samuel Henrik Fabian,1866,Jönköping
1931,Einar Alexius,1898,
1931,Lars Hjalmar,1894,Laxå
1931,Carl August Emanuel,1891,
1931,Elof Herman,1891,Umeå
1931,Anders Christenson,1866,Göteborg
1931,Knut Ejnar,1890,Domnarvet
1931,Lars Vilhelm,1898,
1931,Fredrik William,1876,Malmö
1931,Sven Harald,1889,Sven
1931,Carl Albert,1860,Ålsten
1931,Per Sigurd,1904,Sandviken
1931,Ernst Isidor,1878,Söderhamn
1931,Salomon Arvid Achates,1862,Stockholm
1931,Carl Viktor,1880,Drängsmarkby
1931,Ewald Eug,1885,Drängsmarkby
1931,August Herman,1863,Stockholm
1931,Axel Albert,1878,
1931,Karl Alfred Rickard,1894,Stockholm
1931,Sigfrid Nathanael,1877,
1931,Olof Axel Edvard,1870,Göteborg
1931,Erik Walfrid,1878,Svalöv
1931,Nils Teodor,1893,
1931,Carl Olof Nilsson,1874,Malmö
1931,Sven Emil,1889,Hälsingborg
1931,Johan Frik,1876,
1931,Torsten Valdemar,1889,
1931,Gustav Edvard,1882,Soldalen
1931,Bror Karl,1878,Eskilstuna
1931,Axel Gunnar,1897,Göteborg
1931,Carl Osear,1883,Tingsryd
1931,Anders Vilhelm,1882,Uppsala
1931,Gustav Harald,1890,Boden
1931,Jonas Eliel,1872,Axel
1931,Oscar Wilhelm,1888,
1931,August Theodor Emanuel,1890,Göteborg
1931,Ernst Otto,1864,Tumhult
1931,Harald Teodor,1899,
1931,Karl Ernst,1873,Kalmar
1931,Karl Evald,1898,Näsviken
1931,Oscar Johan Natanael,1892,Skövde
1931,Vietor Julius,1887,Eneryda
1931,Per Otto Bernhard,1889,Göteborg
1931,Karl Frithiof,1869,Åmål
1931,Alf Roar Dag,1891,Boden
1931,Johan Adolf Bertil,1892,Stockholm
1931,Fredrik Carl,1876,Ottenby
1931,Karl Gunnar,1898,Ålsten
1931,Karl Fabian,1872,Furuvik
1931,Johannes Wictor,1885,
1931,Karl Markus,1893,Sollefteå
1931,Fritz Gustav,1884,Stockholm
1931,Otto Severin,1894,Råda
1931,Bror Adam,1888,Borås
1931,Carl Olof,1896,Göteborg
1931,Gustaf Valdemar,1900,Kristinehamn
1931,Johan Adolf Theodor,1872,Mölndal
1931,Nils Erik,1866,Antnäs
1931,Per Bernhard,1874,Landeryd
1931,Knut Harald,1893,
1931,William Patrik,1882,Grycksbo
1931,Oskar Anshelm,1875,Göteborg
1931,Olivia Louise,1880,
1931,Erik Bernhard,1889,Skara
1931,Herman Engelbert,1882,Torsby
1931,Karl Axel,1901,Kramfors
1931,Oskar Malkolm Kalixtus,1893,Karlstad
1931,Erik Werner,1899,Hornön
1931,Nils Sigfrid,1880,Gävle
1931,Bengt Samuel Bengtsson,1896,
1931,Torsten Karl Viktor,1884,Stockholm
1931,Erik Vilhelm,1897,Ålsten
1931,Karl Axel Salomon,1888,Borås
1931,Oscar Erik,1885,Stockholm
1931,Bertil Gotthard,1899,Stockholm
1931,Emil Erhard,1900,Bjästa
1931,Sigvard Walter,1908,Kastlösa
1931,Anders Gustav,1879,Torsby
1931,Carl Petrus,1881,Mellerud
1931,Ernst Arvid,1888,Stockholm
1931,Ernst Valdemar,1876,Hagalund
1931,Frans Erik Wilhelm,1886,Göteborg
1931,Gillis Olof Thoroli,1889,Kullenbergstorp
1931,Gustav Adolv,1886,
1931,Johan Rikard,1878,Österbo
1931,Oscar Nathanael,1856,Broberg
1931,Peter Magnus,1857,Blädinge
1931,Sven August,1870,
1931,Carl Patric,1893,Stockholm
1931,Ivan Hjalmar Emanuel,1885,Stockholm
1931,Axel Alarik,1883,
1931,Osear Magnus,1887,Hörby
1931,Johan Albert Leander,1887,Tidaholm
1931,Ragnar Valdemar,1898,Vinberg
1931,Per Leander,1889,Undersvik
1931,Knut Zakarias,1892,Göteborg
1931,Martin Lucas,1870,Broaryd
1931,Torsten Paul Jonathan,1889,
1931,Daniel Alfred,1867,Uppsala
1931,Anders Petter,1888,Dahl
1931,David Hjalmar,1866,Bjälbo
1931,Gustaf Kristotter,1885,Hällbacken
1931,Ivar Jonas,1876,Rosta
1931,John Vilhelm,1893,Norregård
1931,Nils Jacob Eberhard,1894,
1931,Gösta Erik Andreas,1887,Göteborg
1931,Sven Gustav Fredrik,1872,
1931,Carl Ludvig August,1870,Uppsala
1931,Axel Bernhard,1886,Malmö
1931,Göta Margareta,1904,Örebro
1931,Gustaf Wilhelm Alexander,1859,Stockholm
1931,Johan Emil,1875,Göteborg
1931,Per Emanuel,1874,Fjällsjö
1931,Karl Arthur,1882,Dalum
1931,Solveig Adina Olena,1902,
1931,Olov Evert,1886,Böle
1931,John Erik,1887,Karlstad
1931,Rickard Johannes,1884,
1931,Carl Martin,1880,Göteborg
1931,Karl Gustaf Armand,1893,Stockholm
1931,Nils Victor,1874,
1931,Fredrik Vilhelm,1877,Stockholm
1931,Gunnar Teodor,1879,Morlanda
1931,Karl Johan Daniel,1879,Malmö
1931,Johan Henrik Emil,1855,
1931,Robert Helmer,1865,Kalmar
1931,Gustav Robert,1868,
1931,Sven Ivar,1886,Göteborg
1931,Knut Erik Waldemar,1889,Göteborg
1931,Gustaf Reinhold,1884,
1931,Torgil Gabriel Alexander,1895,Bratteborg
1931,Frans Ferdinand,1889,Ålsten
1931,Otto Theodor,1880,Gällivare
1931,David Otto Mauritz,1869,Göteborg
1931,Hakon Lauritz Edgar,1887,Göteborg
1931,John Martin,1892,Doverstorp
1931,Per Edvin,1891,
1931,Karl Ivar,1880,
1931,Herman Daniel,1891,
1931,Jacob Wilhelm,1861,Stockholm
1931,August Konrad Ferdinand,1893,Charlottenberg
1931,Nils Samuel,1872,
1931,Nils Fredrik,1884,Svängsta
1931,Axel Wilhelm,1883,Gerhard
1931,Johan Albin,1892,Göteborg
1931,Otto Fredrik,1880,Äppelviken
1931,Torsten Emanuel,1885,Lidköping
1931,Abel Gotthard Leopold,1893,Göteborg
1931,Nils Walter,1890,Skövde
1931,Arthur Lage,1901,
1931,Jonas Nikolaus,1881,
1931,Anton Emanuel,1876,Pershult
1931,Gustaf Hjalmar,1881,Grönvik
1931,Hans Edvin,1881,Landskrona
1931,Johan August Anton,1859,Högsjöhult
1931,Johan Gustaf,1864,Betingetorp
1931,Nils Johan Martin,1871,Kompersmåla
1931,Adoli Hjalmar,1862,Stockholm
1931,Eilif Christian,1884,Malmö
1931,Hakon Theodor,1883,Rönnetorp
1931,Carl Gustaf Ludvig,1876,
1931,Karl Fredrik,1882,Visby
1931,Jonas Ludvig Verner,1885,Alnö
1931,Henrik Sebastian,1869,
1931,Carl Gustav Fredrik,1886,Göteborg
1931,Vollrath Henrik Sebastian,1867,Stockholm
1931,Arthur Natanael,1891,Stockholm
1931,Edvard Engelbert,1881,
1931,Johan Einar Ossian,1883,Stocksund
1931,Olof Leonard,1878,
1931,Algot Åkesson,1879,Karlskrona
1931,Nils Kortz,1868,Bjuv
1931,Edvard Jansson,1870,Karlskoga
1931,Axel Hans Edward,1886,Ruben
1931,Carl Primus,1883,Uppsala
1931,Otto Albert,1885,
1931,Carl Otto,1874,Hovby
1931,Sten Ragnar Valdemar,1877,
1931,Adolf Valentin,1898,
1931,Anders Teodor Adolf,1874,Hjärtum
1931,Janne Gustaf,1871,Sundsvall
1931,Otto Robert,1893,Göteborg
1931,Karl Selim Valentin,1888,Norrköping
1931,Johan Josef Emanuel,1893,Borås
1931,Carl Gustal,1884,Bertha
1931,Ivar Teodor,1881,
1931,Oscar Emanuel,1889,Höjen
1931,Rikard Hugo Leonard,1876,Kusla
1931,Per Fredrik,1878,Tunabäck
1931,Karl Allan,1883,Brobygård
1931,Jakob Ludvig,1870,Stockholm
1931,Ivar Lameceh,1881,
1931,Ernst Johannes,1881,
1931,Anders Ernst Theodor,1880,Göteborg
1931,Uno Andreas,1872,
1931,Erik Johan Henrik,1888,Nils
1931,Karl Knutsson,1889,Stockholm
1931,Hugo Sigfrid,1893,Karlshamn
1931,Nils Riehard,1881,
1931,Tor Herman,1891,
1931,Allan Georg Fredrik,1895,Malmö
1931,Johan Mauritz,1886,
1931,Olof Harald,1883,Örebro
1931,Assar Emanuel,1860,
1931,"Ursviken, Västerbottens",1896,
1931,Ernst Leonard,1875,Örebro
1931,Eric Osear,1886,Sundsvall
1931,Ivar Erik,1868,Malmö
1931,Anders Emanuel,1881,
1931,Axel Ivar Emanuel,1878,Härnösand
1931,Agda Maria,1870,
1941,Ragnar Bernhard,1887,
1941,Erik Holger Jonatan,1908,
1941,Ruth Maria,1904,Bromma
1941,Karl Emil,1876,Faleberg
1941,Carl Johan,1893,
1941,Nils Gabriel,1876,Teg
1941,Eskil Axel Albert,1880,Tenhult
1941,Karl Åke Henry,1911,Örebro
1941,Ulla Gunilla,1909,
1941,Hugo Rudolf,1892,
1941,Alf Emanuel,1899,Essvik
1941,Anders Birger,1878,Falkenberg
1941,Axel Ivar,1891,Stockholm
1941,Axel Gustav Birger,1901,Tidaholm
1941,Birger Magnus Gudmund,1909,
1941,Carl Olov Harald,1888,
1941,Carl Walter Martin,1886,Igelboda
1941,Ebon Maria Isabella,1896,Stockholm
1941,Ebon Olivia Bernhardina,1896,Malmö
1941,Einar Sigfrid,1895,Hyssna
1941,Erik Gustaf,1895,Eskilstuna
1941,Erik Oscar,1903,Långviksmon
1941,Gunnar Aron,1901,
1941,Gustav Emil,1891,Bromma
1941,Gustaf Henning,1884,Falun
1941,Gustav Ingemar,1913,Linköping
1941,Gustaf Iwar,1883,Arboga
1941,Gösta Ludvig,1904,Mölndal
1941,Johan Albert,1888,Karlstad
1941,Johannes Allan,1886,Tungelsta
1941,Jones Erik,1891,Ovanmyra
1941,Karl Abel Mauritz,1887,
1941,Karl Albert,1895,
1941,Karl Bertil,1897,Surahammar
1941,Karl Herman,1889,Rixzö
1941,Karl Johan,1880,Stockholm
1941,Lars Erik,1888,Hedensbyn
1941,Mårten Axel Johannes,1899,Örnsköldsvik
1941,Nils Arvid,1900,
1941,Oskar Emil,1883,Västerås
1941,Paul Verner,1887,
1941,Sven Johan,1898,
1941,Sven Olof Morgan,1910,
1941,Thure Gunnar,1908,Ronheby
1941,Per Wilhelm,1886,
1941,Gustaf Emil,1888,Stockholm
1941,Gösta Adolfsson,1882,Stockholm
1941,Otto Hernfrid,1895,Riddarhyttan
1941,Kjell Ragnar Mae,1877,Sörbytorp
1941,Carl Sigvard,1886,Harg
1941,Carl Ludvig,1874,
1941,Göte Tore Edvin,1911,Halmstad
1941,Torsten Stanley,1914,Danderyd
1941,Ernst Gunnar Harold,1886,
1941,Robert Vilhelm Färdinand,1877,Karlskrona
1941,Gustaf Harald,1891,
1941,Karl Ragnar,1894,
1941,Thorwald Erik Natanael,1899,
1941,Paul Johannes,1887,
1941,Karl Anton Edvard,1888,Hälsingborg
1941,John Helmer,1892,Stockholm
1941,Edvin Bernhard,1881,Hälsingborg
1941,Gustaf Emanuel,1892,Jönköping
1941,Blenda Wilhelmina,1885,Tomelilla
1941,Lars Anton,1881,Hässleholm
1941,Per Gustaf,1882,
1941,Carl Joel,1875,
1941,Johan Edvard,1878,Borås
1941,Eric Helgo,1887,Malmö
1941,Karl Wilhelm,1871,Trangärd
1941,Lars Gunnar,1904,Enskede
1941,Carl David Anskarius,1888,
1941,Karl Elfin Rudolf,1895,
1941,Märta Kristina,1902,Råneå
1941,Sven Birger,1895,Avesta
1941,Fritiof Ingemar,1908,Borås
1941,Erik Gottfrid Christian,1884,
1941,Erik Reinhold,1905,Aspabruk
1941,Helge Karl Vilhelm,1880,Falköping
1941,Johan Magnus,1891,Varnträsk
1941,Anders Johan,1870,Katrineholm
1941,Gustaf Torsten,1896,Luleå
1941,Carl Olof,1896,Göteborg
1941,Carl Fredrik,1882,Övertorneå
1941,Oscar Ludvig,1879,
1941,Frans Gustaf Sture,1887,Carl
1941,"Cruse, Carl Sigvard",1891,Stockholm
1941,Bror Gunnar Leopold,1903,Göteborg
1941,Carl Herman,1891,Malmö
1941,Arvid Louis Gerhard,1884,Hanaskog
1941,Gustaf Gerard,1889,Lesjöfors
1941,James Ivan Axel,1899,
1941,Johan Fritiof,1889,
1941,Per Jonas,1878,
1941,Rolf Filip,1912,Göteborg
1941,Ragnar Hilding Leonard,1914,Sven
1941,Walter Simon,1891,Göteborg
1941,Erik Wiktor,1872,Ulvåker
1941,Anders Elver Thorvald,1888,
1941,Sigrid Hildur Elvira,1904,Stockholm
1941,Johan Anton,1883,Skultuna
1941,Johan Fritjof,1888,Stockholm
1941,Klas Ragnar,1905,
1941,Carl Ivar,1880,Klavreström
1941,Brita Dagmar,1900,Göteborg
1941,Bengt Folke,1901,Norrköping
1941,Gustaf Sanfrid,1897,Södergård
1941,Nils Johan,1890,Kristianstad
1941,Jonas Arthur,1888,
1941,Johan Gunnar Vilhelm,1906,Bjärnum
1941,Erik Wilhelm,1889,Stockholm
1941,Frans Oscar,1879,Boxholm
1941,Johan Erie,1888,Karlskoga
1941,Carl Erie,1882,
1941,Hildur Kristina,1896,
1941,Johan Elof,1887,
1941,John August,1907,
1941,Sven Gunnar Erik,1906,
1941,Anders Vilhelm,1882,Uppsala
1941,Bertil Karl Johan,1890,Stockholm
1941,Carl Edmund,1881,Ljusdal
1941,Elin Sofia,1886,Hallstahammar
1941,Ernst Gustaf Eug,1881,Stockholm
1941,Eskil Fredrik Vilhelm,1900,
1941,Gustaf Herman,1892,
1941,Joel Einar,1905,Uppsala
1941,Jonas Olof,1896,Frägsta
1941,Nancy Margareta,1907,Stockholm
1941,Tage Fritiof,1901,Lund
1941,Ernst Wilhelm,1889,Habo
1941,Elsa Helga Emelie,1887,Stockholm
1941,Knut Gerhard,1890,Stockholm
1941,Per Hjalmar,1914,Malmö
1941,Gustaf Ragnar,1892,Eskilstuna
1941,Karl Henrik,1890,
1941,Johan Erik Gereon,1883,Nässjö
1941,Oskar Martin Isidor,1887,Nässjö
1941,Johannes Albert,1881,Spånga
1941,Fritz Laur,1890,Norrtälje
1941,Otto Bertil,1901,Göteborg
1941,Axel Samuel,1883,Ulriksdal
1941,Petter Theodor,1872,
1941,Johan Olof,1888,
1941,Lars Evald Birger,1894,Falun
1941,Anselm Konrad,1899,Sundsvall
1941,Jakob Ferdinand,1888,Svanstein
1941,Carl Petrus Valdemar,1881,
1941,Olof Algot,1888,Nälden
1941,Emil August,1887,Vimmerby
1941,Karl Hjalmar,1893,Dädesjö
1941,Ruth Valborg Maria,1881,Stockholm
1941,Sven Harry,1911,Göteborg
1941,Frans Edvin,1888,
1941,Hans Lennart,1912,
1941,Johan Aron,1880,
1941,John Axel Teofil,1900,Borås
1941,Per Johan,1880,Benestad
1941,John Aron,1890,Guntorp
1941,Christian Ernst,1886,
1941,Johannes Natanael,1880,Stockholm
1941,Hardy Paul,1894,Stockholm
1941,Erik Rudolf,1891,Malmö
1941,Karl Hilding,1877,
1941,Ernst August,1876,Luleå
1941,Emil Oskar,1880,Stockholm
1941,Seth Anders Alarik,1888,Borås
1941,Gustav Albert,1887,Slutarp
1941,Gustaf Arvid,1884,Falun
1941,Harald Martin,1884,Arvika
1941,Anders Olof,1876,Arlöv
1941,Axel Ludvig,1888,
1941,"Rubbestad, Axel Ludvig",1880,Erie
1941,Frans Einar,1890,Hönön
1941,Nils Gunnar,1902,Skegrie
1941,Stig Folke,1913,
1941,Sven Villiam,1898,Svartbyn
1941,Paulus Samuel,1878,Häste
1941,Verner Vilhelm,1883,Östersund
1941,Anders Sven,1903,Nynäshamn
1941,Gustaf Arthur,1883,
1941,Karl Erik Hjalmar,1894,Stigtomta
1941,Gustaf Kristoffer,1885,
1941,Nils Torsten,1903,Stockholm
1941,Sture Hartvig,1917,Bromma
1941,Herbert Eugen,1906,
1941,Knut Eugen,1905,Åmål
1941,Jarl Harald,1904,Lidingö
1941,Sven Peter,1890,
1941,Gustav Engelbert,1883,
1941,Jonas Helmer,1901,Luleå
1941,Nils Gösta,1902,Göteborg
1941,Åke Ernst Vilhelm,1889,Uppsala
1941,Otto Samuel,1881,Stockholm
1941,Björn Frithiofsson,1872,Karlskrona
1941,Allan Fredrik Adolf,1878,Alversjö
1941,Ernst Carl,1887,Motala
1941,Leopold Robert,1879,Hjelmarsnäs
1941,Hildur Amalia Maria,1889,Munkfors
1941,Elis Wilhelm,1900,Stockholm
1941,Klas Jonas Yngve,1895,Saltsjöbaden
1941,Erik Einar,1893,
1941,Elof Wendel,1887,Hällevik
1941,Carl Alger,1887,Norrköping
1941,Uddo Rudolv,1886,Vilhelmina
1941,Erik Edvin,1893,
1941,Ernst Axel Emanuel,1897,Sala
1941,Bror Ivar,1894,Kalix
1941,Erik Emanuel,1897,Örebro
1941,Robert Leander,1889,Aspeboda
1941,Karl August,1886,Stockholm
1941,Carl Edvin,1900,
1941,Carl Ejnar Konstantin,1889,Kalmar
1941,Elsa Amalia,1888,
1941,Erik Joel,1891,Öckerö
1941,Ernst Harald,1906,Norrköping
1941,Henry Bernhard,1889,Göteborg
1941,Johan Bernhard,1887,Fredrikslund
1941,Johan Helmer,1895,Norrfors
1941,Johan Lennart,1884,
1941,Valborg Elisabeth,1901,Skövde
1941,Johan Wictor,1894,
1941,Jöns Harald,1898,
1941,Pehr Albin,1898,Kastanjegården
1941,Carl Arvid Daniel,1886,
1941,Einar Wilhelm,1905,Skutskär
1941,John Wiktor,1889,Nybro
1941,Jonas Sigfrid,1910,
1941,Lars Johan,1892,
1941,Per Conrad,1886,
1941,Per Henning,1910,
1941,Folke Gösta,1910,Lund
1941,Nils Otto,1893,
1941,Arvid Sigfrid,1886,Granebo
1941,Bror Erie,1908,Olofström
1941,Bror Erik Artur,1909,
1941,Karl Fritiof,1905,Hägersten
1941,Karl Gustaf,1898,
1941,Karl Verner,1880,Grängesberg
1941,Oscar Gottfrid,1882,Vadstena
1941,Gustaf Filip Natanael,1898,Osby
1941,Karl Folke Fritiof,1901,
1941,Gustav Wilhelm,1877,Sundbyberg
1941,Israel Christian Gustaf,1874,
1941,Axel Herman,1898,
1941,Erik Waldemar,1898,Mörlanda
1941,Gunnar Karl Viktor,1908,
1941,Gustaf Sigfrid,1896,Julita
1941,Nils August,1894,Östersund
1941,Sven Bernhard,1881,Varberg
1941,Yngve Gustaf Richard,1881,Stockholm
1941,Henning Vilhelm,1895,Stockholm
1941,Carl Gustaf,1884,Sundsvall
1941,Anders Gottfrid,1906,Hofors
1941,Edith Virginia,1901,Gävle
1941,Lars Hjalmar,1894,Laxå
1941,Carl August Emanuel,1891,Mälarhöjden
1941,Elof Herman,1891,Umeå
1941,Erik August,1888,Falun
1941,Knut Ejnar,1890,Domnarvet
1941,Lars Vilhelm,1898,
1941,Fredrik William,1876,Malmö
1941,Gerda Maria Cecilia,1891,Stockholm
1941,Sven Harald,1889,Stockholm
1941,Signe Vilhel,1909,Hjo
1941,Per Sigurd,1904,Sandviken
1941,Carl Viktor,1880,
1941,Ewald Eug,1885,
1941,Axel Albert,1878,
1941,Anna Elvira,1906,Östersund
1941,Elsa Ingeborg,1904,
1941,Helge Börge,1901,
1941,Karl Alfred Rickard,1894,Stockholm
1941,Sigfrid Natanael,1877,Uppsala
1941,Martin Samuel,1894,Norrköping
1941,Nils Teodor,1893,Ålsten
1941,Viktor Gunnar,1892,
1941,John Inge,1905,Uppsala
1941,Sven Emil,1889,Hälsingborg
1941,Johan Erik,1876,
1941,Torsten Valdemar,1889,
1941,Per Gordon,1890,Umeå
1941,Herbert Theodor,1901,Uppsala
1941,Artur Evald,1894,Trollhättan
1941,Thyra Condordia,1905,Mörrum
1941,John Gotthard,1896,Luleå
1941,Oscar Wilhelm,1888,
1941,August Theodor Emanuel,1890,Göteborg
1941,Karl Ernst,1873,Kalmar
1941,Karl Evald,1898,Näsviken
1941,Oscar Johan Natanael,1892,Skövde
1941,Axel Fredrik,1897,Värnanäs
1941,Oscar Emanuel,1889,Höjen
1941,Victor Julius,1887,Eneryda
1941,Johan Adolf Bertil,1892,Stockholm
1941,Gustav Adolf,1877,Lidingö
1941,Karl Gunnar,1898,Äppelviken
1941,Johannes Wictor,1885,Uddevalla
1941,Mårten Edvard,1892,Smedstorp
1941,Karl Markus,1893,Sollefteå
1941,Fritz Gustav,1884,Stockholm
1941,Greta Emilia,1906,Eskilstuna
1941,Folke Uno,1910,Johanneshov
1941,Otto Severin,1894,Sjuntorp
1941,Bror Adam,1888,Borås
1941,Eric Ferdinand,1905,Svalöv
1941,Ernst Hjalmar,1908,Kiruna
1941,Gustaf Valdemar,1900,Kristinehamn
1941,Gustav Erik,1897,
1941,Harald Torsten Leonard,1905,Stockholm
1941,Hjalmar Ragnvald,1901,
1941,Johan Adoli Theodor,1872,Mölndal
1941,Jöns Olof,1905,
1941,Per Bernhard,1874,Landeryd
1941,William Patrik,1882,Grycksbo
1941,Carl Oscar,1883,
1941,Oskar Anshelm,1875,Göteborg
1941,Johan Axel Erland,1898,Harald
1941,Olivia Louise,1880,Trelleborg
1941,Herman Engelbert,1882,Torsby
1941,Karl Axel,1901,Kramfors
1941,Erik Werner,1899,
1941,David Robert,1887,Fagersta
1941,Bengt Samuel Bengtsson,1896,
1941,Jonas Olaus,1910,Karlskrona
1941,Oscar Erik,1885,Stockholm
1941,Emil Erhard,1900,Bjästa
1941,Nils Sigurd,1908,Vinninga
1941,Bertil Gotthard,1899,Stockholm
1941,Sven Johan Emanuel,1888,
1941,Albert William,1895,Järrestad
1941,Sigvard Walter,1908,Kastlösa
1941,Åke Waldemar,1898,Höganäs
1941,Frans Erik Wilhelm,1886,Göteborg
1941,Carl Petrus,1881,Mellerud
1941,Gillis Olof Thorolt,1889,Kullenbergstorp
1941,Gustaf Adolf Waldemar,1882,Oskarshamn
1941,Gustav Adolv,1886,Gävle
1941,Judith Anna Sofia,1891,Ullånger
1941,Osear Ulrik Bernhardin,1877,Djursholm
1941,Per Leander,1889,Undersvik
1941,Karl Hugo,1892,Uppsala
1941,Ivan Hjalmar Emanuel,1885,Stockholm
1941,Axel Alarik,1883,
1941,Bror Waldemar,1891,Halmstad
1941,Fritz Josef Hugo,1904,Växjö
1941,"Falla, Gunnar",1901,Ivar
1941,Johan Albert Leander,1887,Tidaholm
1941,Ola Ferdinand,1891,Landafors
1941,Oskar Helmer,1904,Luleå
1941,Ragnar Valdemar,1898,Vinberg
1941,Seth Erik,1901,Stockholm
1941,Sven Gustaf Folke,1911,
1941,Viktor Einar,1902,Älvdalsåsen
1941,Knut Zakarias,1892,Göteborg
1941,Peter Emil,1887,Gäddvik
1941,Bror Edvard Folke,1910,Västerås
1941,Karl Göran,1898,Degerfors
1941,Anders Petter,1888,
1941,Axel Georg,1907,Visby
1941,Erik Albert,1889,
1941,Ivar Jonas,1876,
1941,John Vilhelm,1893,
1941,Paul Olof,1893,
1941,Nils Jakob Eberhard,1894,Albert
1941,Axel Bernhard,1886,Malmö
1941,Göta Margareta,1904,Örebro
1941,Nils Ragnar Wiking,1897,Hässleholm
1941,Karl Artur,1882,Dalum
1941,"Rosenschöld, Hanna",1891,
1941,Solveig Adina Olena,1902,Göteborg
1941,John Malkolm Valfrid,1887,Sommen
1941,Olov Evert,1886,
1941,John Erik,1887,Karlstad
1941,Riekard Johannes,1884,Gävle
1941,Karl Gustaf Armand,1895,Stockholm
1941,Ragnhild Maria Andrea,1901,Teg
1941,Karl Johan Daniel,1879,Malmö
1941,Sven Ivar,1886,Göteborg
1941,Ossian Alions,1904,Eskilstuna
1941,Knut Erik Waldemar,1889,Göteborg
1941,Torgil Gabriel Alexander,1895,
1941,Erik Johan,1909,Gävle
1941,Frans Ferdinand,1889,
1941,Erik Gösta Herman,1887,Stockholm
1941,Nils Anton,1897,Malmö
1941,Hakon Lauritz Edgar,1887,Göteborg
1941,Carl Einar,1887,Ultuna
1941,Bengt Johan Olof,1886,Trollhättan
1941,Helga Kristina,1890,Eksjö
1941,Olof Harald,1883,Örebro
1941,Gösta Teodor,1903,Umeå
1941,John Martin,1892,Doverstorp
1941,Hulda Ottilia,1986,Sundsvall
1941,Per Edvin,1891,
1941,Karl Ivar,1880,
1941,Per Arthur,1898,Sundbyberg
1941,August Konrad Ferdinand,1893,Charlottenberg
1941,Teodor Brynolf,1889,
1941,Ernst Valdemar,1898,
1941,Axel Wilhelm,1893,Stockholm
1941,Sten Erik,1908,Växjö
1941,Otto Fredrik,1880,Ulvsunda
1941,Torsten Emanuel,1885,Lidköping
1941,Abel Gotthard Leopold,1893,Göteborg
1941,Otto Ragnar,1897,Ålsten
1941,Nils Walter,1890,Skövde
1941,Johan Adolf,1890,Mjölby
1941,"Arthur, Lage",1901,
1941,Ellen Sofia Axelina,1891,Eskilstuna
1941,Gustaf Ruben,1896,Örebro
1941,Gustaf Adolf,1878,Visby
1941,Anton Emanuel,1876,Pershult
1941,Gustav Hjalmar,1881,
1941,Gustaf Ludvig,1901,Reftele
1941,Gärda Sofia,1895,
1941,Jerker Uno,1897,Göteborg
1941,Nils Johan Martin,1871,Kompersmåla
1941,Per Gustaf Anskarius,1896,
1941,Sven Patrik,1895,Alingsås
1941,Eilit Christian,1884,Malmö
1941,August Vilhelm,1879,Bollnäs
1941,Karl Fredrik,1882,Visby
1941,Jonas Ludvig Verner,1885,Alnö
1941,Carl Gustaf Ludvig,1876,Ålsten
1941,Edvard Engelbert,1881,
1941,Johan Einar Ossian,1883,Stocksund
1941,Olof Leonard,1878,
1941,Tekla Jenny Linnea,1901,Kalmar
1941,Karl Birger,1884,Öckerö
1941,Carl Primus,1883,Uppsala
1941,Sten Gösta William,1901,
1941,Otto Albert,1885,
1941,Adolf Vallentin,1898,Nacka
1941,Karl Selim Valentin,1888,Norrköping
1941,Ernst Jonas,1891,
1941,Johan Josef Emanuel,1893,Stockholm
1941,Rikard Hugo Leonard,1876,Kusta
1941,Karl Allan,1883,Brobygård
1941,Karin Hillevi,1908,Linköping
1941,John Åke Truls,1902,Malmö
1941,Ivar Lamech,1881,
1941,Ernst Johannes,1881,
1941,Erik Olof,1898,Ulvsunda
1941,Olof Walfrid,1902,Öjebyn
1941,Sven Albin Daniel,1911,Stockholm
1941,Margit Selma,1901,
1941,Karl Gustaf Salomon,1892,Mellösa
1941,Karl Knutsson,1889,Stockholm
1941,Hugo Sigfrid,1893,Karlshamn
1941,Nils Richard,1881,Stockholm
1941,Allan Georg Fredrik,1895,Malmö
1941,Rebecka Disa,1891,Stockholm
1941,Ernst Oskar,1896,
1941,Frans Hjalmar,1892,
1941,Ernst Leonard,1875,
1941,Anders Emanuel,1881,Stockholm
1941,Erik Leonard,1907,Avesta
1951,Nils Gustav,1900,
1951,Erik Holger Jonatan,1908,
1951,Erik Selmer Johan,1916,Malmö
1951,Ruth Maria,1904,Bromma
1951,Carl Ernst Nathanael,1891,
1951,Karl Emil,1879,
1951,Carl Johan,1893,
1951,Stig Roland,1924,Vimmerby
1951,Karl Erik,1906,Lidingö
1951,Karl Åke Henry,1911,Örebro
1951,Nils Oskar Harald,1909,Norrahammar
1951,Hugo Rudolf,1892,Vollsjö
1951,Alf Emanuel,1899,
1951,Axel Emanuel,1897,Österfärnebo
1951,Axel Gustav Birger,1901,Tidaholm
1951,Carl Olov Harald,1888,
1951,Ebon Maria Isabella,1896,Stockholm
1951,Einar Sigfrid,1895,Hyssna
1951,Erik Gustaf,1895,Eskilstuna
1951,Erik Oscar,1903,Långviksmon
1951,Gunnar Sigfrid,1905,Gustavsberg
1951,Gustav Emil,1891,Bromma
1951,Gustav Ingemar,1913,Linköping
1951,Gustaf Iwar,1883,Arboga
1951,Gösta Ludvig,1904,Mölndal
1951,Jones Erik,1891,Ovanmyra
1951,Johannes Allan,1886,Tungelsta
1951,John Richard,1902,Sundsvall
1951,Karl Abel Mauritz,1887,
1951,Karl Albert,1895,Lindesberg
1951,Karl Bertil,1897,Surahammar
1951,Karl Herman,1889,Rixö
1951,Karl Johan,1893,Örebro
1951,Lars Erik,1911,Kalmar
1951,Martin Alvar,1913,Knäred
1951,Nils Arvid,1900,Ryggestad
1951,Ruth Magnhild Helena,1908,Lerum
1951,Sven August Holger,1917,
1951,Olof Morgan,1910,Mariehäll
1951,Thure Gunnar,1908,Karlskrona
1951,Gustaf Olof,1909,Göteborg
1951,Sven Oskar,1908,
1951,Johannes Mikael,1921,
1951,Bengt Emil Mattias,1904,Gothem
1951,Per Einar,1906,Kilafors
1951,Sven Gustaf,1912,Sundbyberg
1951,Otto Hernfrid,1895,Riddarhyttan
1951,Bengt Erik,1915,
1951,Gösta Tore Edvin,1911,
1951,Hugo Valter,1918,Landskrona
1951,Sten Bertil Ingemund,1919,Varberg
1951,Torsten Stanley,1914,
1951,Sven Axel Gunnar,1905,Karlskrona
1951,Erik Natanael,1895,Nora
1951,Gustaf Harald,1891,Stockholm
1951,Karl Ragnar,1894,
1951,Per Ragnar,1915,
1951,Paul Johannes,1887,
1951,Karl Anton Edvard,1888,Helsingborg
1951,Per Erik,1901,Karlstad
1951,John Helmer,1892,Stockholm
1951,Edvin Bernhard,1881,Helsingborg
1951,Tor Alfred,1903,
1951,Gustaf Emanuel,1892,Jönköping
1951,Lars Anton,1881,Hässleholm
1951,Nils Gustav Folke,1907,Bromma
1951,Tor Karl Emanuel,1892,
1951,Torsten Efraim Johannes,1903,Lund
1951,Erik Carlsson,1895,Örserumsbrunn
1951,Carl David Anskaärius,1888,
1951,Karl Elfin Rudolf,1895,
1951,Märta Kristina,1902,Råneå
1951,Fritiof Ingemar,1908,Borås
1951,Edvard Henry,1910,
1951,Erik Reinhold,1905,Georg
1951,Lars Gunnar,1904,Enskede
1951,Fritz Arne,1908,Glömminge
1951,Klas Erik,1909,
1951,Erik Erland Engelbrekt,1913,Stockholm
1951,Ingeborg Hermine,1891,Helsingborg
1951,Carl Walfrid,1901,Stockholm
1951,Clas Erik,1914,Vikmanshyttan
1951,Erik Ragnar Artur,1903,Västerås
1951,Gunnar Alfred,1902,Göteborg
1951,Harry Fredrik,1903,Tibro
1951,Henning Alvar Natanael,1897,
1951,Oscar Albert,1901,Säffle
1951,Rune Algot,1921,Borås
1951,Leif Delling,1905,
1951,Einar Vilhelm Robert,1904,
1951,Per Olof Reinhold,1915,Bromma
1951,Bror Gunnar Leopold,1903,Göteborg
1951,Karl Adolf,1901,Domnarvet
1951,Einar Emanuel,1897,Edsbyn
1951,Gösta Karl Elis,1908,Osby
1951,Gustaf Gerard,1889,
1951,James Ivan Axel,1899,
1951,Johan Fritiof,1889,
1951,Rolf Filip,1912,
1951,Ragnar Hilding Leonard,1914,Sven
1951,Dag Ragnar,1907,Västerås
1951,Gunnar Olof,1898,Lund
1951,Walter Simon,1891,Göteborg
1951,Anders Elver Thorvald,1888,
1951,Sigrid Hildur Elvira,1904,Stockholm
1951,Klas Ragnar,1905,
1951,Sven Erik Axel,1912,Iggesund
1951,Lars Magnus,1914,Sundborn
1951,Lennart Sixten,1914,Stockholm
1951,Rolf Anders Elias,1912,
1951,Brita Dagmar,1900,Göteborg
1951,Bengt Folke,1901,Norrköping
1951,Bror Emil,1900,
1951,Gustaf Sanfrid,1897,Södergård
1951,Johan Gunnar Vilhelm,1906,Bjärnum
1951,Erik Wilhelm,1897,Bromma
1951,Johan Eric,1888,Karlskoga
1951,Hildur Kristina,1896,
1951,John August,1907,
1951,Sven Gunnar Erik,1906,
1951,Carl Edmund,1881,Ljusdal
1951,Elin Sofia,1886,Hallstahammar
1951,Eskil Fredrik Wilhelm,1900,
1951,Etty Daily Junis,1897,Ängelholm
1951,Joel Einar,1905,Uppsala
1951,John Erik,1915,
1951,Nancy Margareta,1907,Stockholm
1951,Tage Fritiof,1901,Bromma
1951,Carl Eskil,1906,Björsäter
1951,Elsa Helga Emelie,1887,Stockholm
1951,Knut Gerhard,1890,Stockholm
1951,Per Hjalmar,1914,Stockholm
1951,Bengt Oskar Hakon,1914,Kosta
1951,Lars Elis,1910,Boden
1951,Gustaf Ragnar,1892,Eskilstuna
1951,Johan Erik Gereon,1883,Nässjö
1951,Anders Oskar Birger,1914,Nässjö
1951,Oskar Martin Isidor,1887,
1951,Johannes Albert,1881,Spånga
1951,Frans Oscar,1913,Motala
1951,Nils Karl Hugo,1910,Halvards
1951,Fritz Laur,1890,Norrtälje
1951,Karl Torsten,1910,Grängesberg
1951,Otto Bertil,1901,
1951,Nils Gustaf Olof,1904,Sundsvall
1951,Nils Olof Thorbjörn,1926,Ramvik
1951,Hans Gustav Ove,1917,
1951,Johan Olof,1888,
1951,Karl Arne,1910,Bromma
1951,Sven Olof,1913,
1951,Lars Edvald Birger,1894,Falun
1951,Anselm Konrad,1899,
1951,Erik Hugo,1905,Knutby
1951,Jakob Ferdinand,1898,Svanstein
1951,Carl Petrus Valdemar,1881,
1951,Allan Karl,1910,Molkom
1951,Olof Algot,1888,Nälden
1951,Karl Hjalmar,1893,Dädesjö
1951,Sven Harry,1911,Göteborg
1951,Frans Edvin,1888,
1951,Gustaf Einar,1914,
1951,Gustaf Henning,1900,Skellefteå
1951,Hans Lennart,1912,
1951,Johan Axel Teofil,1900,Borås
1951,Martin Gunnar,1912,Uddevalla
1951,Nils Eric,1922,Byske
1951,Bengt Theodor,1925,Eskilstuna
1951,Karl Rune,1920,Alvesta
1951,Hardy Paul,1894,Stockholm
1951,Erik Rudolf,1903,Bromma
1951,Karl Hilding,1899,
1951,Folke Anders,1910,Gävle
1951,Seth Anders Alrik,1888,Borås
1951,David Emanuel,1901,Karlstad
1951,Gustav Albert,1887,
1951,Gustav Arvid,1884,Falun
1951,Harald Martin,1884,Arvika
1951,"Hageby, Hugo Johan",1919,Hjortkvarn
1951,Anders Olof,1895,Folkärna
1951,Dag Hjalmar Agne,1905,
1951,Erik Martin,1927,Älfsbyn
1951,Mac Teodor Pennycoock,1910,Kalmar
1951,Rickard Yngve,1907,Jönköping
1951,Ruth Lizzie,1903,Uppsala
1951,Gustaf Harry,1894,Göteborg
1951,Nils Birger,1904,Bromma
1951,Nils Gunnar,1911,Solna
1951,Stig Folke,1913,
1951,Gunnar Edvard,1909,Stockholm
1951,Staffan Björn Anders,1924,Johanneshov
1951,Carl Erik,1919,
1951,Verner Vilhelm,1883,Östersund
1951,Anders Sven,1903,Nynäshamn
1951,Gustaf Arthur,1883,Ljungbyholm
1951,Ture Uno Vilhelm,1915,Harads
1951,Karl Erik Hjalmar,1894,
1951,Gustaf Kristoffer,1885,
1951,Johan Arvid,1902,Valdemarsvik
1951,Karl Hugo,1892,
1951,Helge Einar Georg,1907,Hälsingborg
1951,Sture Hartig,1917,Bromma
1951,Herbert Eugen,1906,
1951,Knut Eugen,1905,Åmål
1951,Jarl Harald,1904,Lidingö
1951,Gustav Engelbert,1883,
1951,Hulda Elvira,1905,Prästmon
1951,Jonas Helmer,1901,Luleå
1951,Åke Ernst Vilhelm,1889,
1951,Eric Bertil,1917,Malmö
1951,Anna Mary Sylvia,1919,Svalöv
1951,Ernst Carl,1887,Motala
1951,Hildur Amalia Maria,1889,Munkfors
1951,Ragnar Helmer,1887,Malmö
1951,Elis Wilhelm,1900,Stockholm
1951,Klas Jonas Yngve,1895,Saltsjöbaden
1951,Erik Einar,1893,
1951,Elof Wendel,1887,Hällevik
1951,Uddo Rudolv,1880,Vilhelmina
1951,Erik Edvin,1893,
1951,Ernst Axel Emanuel,1897,Sala
1951,Axel Erik,1910,Solna
1951,Axel Filip,1889,
1951,Bengt Fridolf,1904,
1951,Bror Ivar,1894,Kalix
1951,Robert Leander,1889,Aspeboda
1951,Eric William,1905,Västervik
1951,Karl August,1881,Vännäs
1951,Anders Emil,1891,
1951,Carl Edvin,1900,
1951,Carl Ejnar Konstantin,1889,Kalmar
1951,Elsa Amalia,1888,
1951,Gustav Robert,1911,
1951,Johan Fridolf,1894,Lugnvik
1951,Johan Gustaf Theodor,1896,Reftele
1951,Johan Helmer,1895,Norrfors
1951,John Harald,1894,
1951,John Helge,1904,
1951,Karl Gustav,1895,Stockholm
1951,Knut Brynolf Martin,1911,
1951,Nils Ivar,1899,
1951,Nils Samuel,1902,Bronäs
1951,Nils Rune,1917,Norrköping
1951,Olof Konstantin,1897,
1951,Rune Bernhard,1915,
1951,Tage Nils,1921,Jönköping
1951,Valborg Elisabet,1901,
1951,John Erik Bertil,1918,Ekshärad
1951,Johan Wictor,1894,Stockholm
1951,Jöns Harald,1898,
1951,Per Albin,1898,Kastanjegården
1951,Carl Arvid Daniel,1886,
1951,John Wiktor,1889,Nybro
1951,Jonas Sigfrid,1910,
1951,Lars Johan,1892,
1951,Elias Ingemar,1922,
1951,Folke Gösta,1910,Lund
1951,Nils Otto,1893,
1951,Rolf Gustaf Sylvester,1903,Karlstad
1951,Bror Eric,1908,Olofström
1951,Bror Erik Arthur,1909,
1951,Eva Ottiliana,1897,Hälsingborg
1951,Folke Göran,1914,Huskvarna
1951,Karl Fritiof,1905,Hägersten
1951,Karl Gustaf,1906,
1951,Oscar Gottfrid,1882,Vadstena
1951,Johan Augustinus,1900,Lidingö
1951,Nils Emil,1915,Stockholm
1951,Björn Torsten Martin,1910,Stockholm
1951,Erik Herman,1913,
1951,Gustaf Napoleon,1891,Bromma
1951,Erik Valter,1919,Göteborg
1951,Astrid Margareta,1917,Stockholm
1951,Gustaf Filip Natanael,1898,Osby
1951,Svante Arne,1907,Örkelljunga
1951,Johan Magnus,1891,Varuträsk
1951,Robert Fabian,1886,Sköllersta
1951,Karl Folke Fritiof,1901,Lyrestad
1951,Sten Ivar Rune,1912,Stockholm
1951,Eric Vilhelm,1898,Kristinehamn
1951,Edvard Harald,1902,Sollefteå
1951,Ture König,1910,Göteborg
1951,Axel Herman,1898,
1951,Bengt Martin,1910,Stockholm
1951,Gunnar Karl Viktor,1908,
1951,Gustaf Sigfrid,1896,Julita
1951,Karl Herbert,1909,Vänersborg
1951,Karl Åke,1910,Karlskoga
1951,Lars Edmund,1921,
1951,Lars Torsten,1913,
1951,Nils August,1894,Östersund
1951,Nils Herbert Teodor,1900,Högsby
1951,Yngve Gustaf Richard,1881,Stockholm
1951,Isak Ragnvald,1915,Luleå
1951,Mats Herman,1919,Stockholm
1951,Hans Samuel,1899,Kämpinge
1951,Ulla Ebba,1910,Drottningholm
1951,Carl Ingvar Gustaf,1919,Vallentuna
1951,Edith Virginia,1901,Gävle
1951,Lars Hjalmar,1894,Laxå
1951,Carl August Emanuel,1891,Mälarhöjden
1951,Marta Sylvia,1912,Frövi
1951,Erik August,1888,Falun
1951,Ingvar Albert,1904,Stockholm
1951,Lars Vilhelm,1898,
1951,Justus Hilmer,1896,
1951,Per Sigurd,1904,Sandviken
1951,Elsa Ingeborg,1904,
1951,Helge Börje,1901,
1951,Ulla Gunilla,1909,Stockholm
1951,Viktor Gunnar,1892,
1951,John Inge,1905,Uppsala
1951,Per Gordon,1890,Umeå
1951,Karl Svante,1919,Eskilstuna
1951,Jonas Gunnar,1907,Lycksele
1951,Artur Evald,1894,Trollhättan
1951,Carl Ulf Vilhelm,1916,
1951,Nils Sigfrid Johannes,1908,Malmö
1951,Thyra Concordia,1905,Mörrum
1951,John Gotthard,1896,Luleå
1951,Anders Tage,1910,
1951,Erik Otto Bernhard,1900,Tumhult
1951,Nils Bertil,1912,
1951,Oscar Johan Natanael,1892,Skövde
1951,Axel Fredrik,1897,
1951,Torsten Axel Victor,1915,Eneryda
1951,Sven Axel,1912,Korsnäs
1951,Johan Adolf Bertil,1892,Vällingby
1951,Gustav Adolf,1877,Lidingö
1951,Hugo Karl Eije,1908,Stockholm
1951,Eric Gustav Valdemar,1905,Getinge
1951,Axel Henrik,1903,Uppsala
1951,Alvar Georg Gernandt,1909,Ystad
1951,Johannes Wiktor,1885,Uddevalla
1951,Yngve Algot,1912,Gävle
1951,Eric Malte,1902,Trelleborg
1951,Nils Nestor,1894,Halmstad
1951,Klas Gösta,1908,Malmö
1951,Folke Uno,1910,Johanneshov
1951,Otto Severin,1894,Sjuntorp
1951,Hjalmar Ragnvald,1901,Spånstad
1951,Bror Adam,1888,Borås
1951,Bror Arvid,1906,Lönsboda
1951,Carl Olof,1896,Göteborg
1951,Elis Birger,1915,Östersund
1951,Ernst Hjalmar,1908,Kiruna
1951,Gerda Maria,1914,Gävle
1951,Gunhild Margareta,1903,
1951,Gustaf Gerhard,1895,Gävle
1951,Gustaf Valdemar,1900,Kristinehamn
1951,Gustav Eric,1897,
1951,Hanna Maria,1903,Långshyttan
1951,Harald Torsten Leonard,1905,Stockholm
1951,Henning Ferdinand,1908,Gävle
1951,Ivar Nathanael,1924,
1951,Jöns Olof,1905,
1951,Nils Yngve,1909,
1951,Otto Ferdinand,1896,
1951,Karl Ivar,1892,
1951,Carl Oscar,1883,
1951,Berndt Allan,1904,Stockholm
1951,Hans Per Wilhelm,1908,Söderhamn
1951,Olivia Louise,1880,Trelleborg
1951,Nils Sigfrid,1889,Kalmar
1951,Olof Helmer,1896,Karlskoga
1951,Mikael Inge Carl,1909,
1951,David Robert,1887,Fagersta
1951,Samuel Johannes,1906,Åkersberga
1951,Bengt Samuel,1896,
1951,Jonas Olaus,1910,Karlskrona
1951,Hans Birger,1924,Kinna
1951,Per Johan,1886,
1951,Nils Sigurd,1908,
1951,Bertil Gotthard,1899,Stockholm
1951,Sven Johan Emanuel,1888,Göteborg
1951,Albert William,1895,
1951,Olof Ebbe Magnus,1903,Blädinge
1951,Sigvard Walter,1908,Kastlösa
1951,David Laurentius,1891,Stockholm
1951,Olof Christer,1909,Kristianstad
1951,Per Olof,1889,
1951,Ake Waldemar,1898,Höganäs
1951,Carl Uno,1894,Kyrktåsjö
1951,Carl Petrus,1881,Mellerud
1951,Ernst Wilhelm,1909,
1951,Gustav Adolyv,1886,Gävle
1951,Per Leander,1889,
1951,Nils Sture,1919,Sollentuna
1951,Sven Olof Joachim,1927,Vällingby
1951,Fritz Josef Hugo,1901,Växjö
1951,Gröt Viktor Einar,1902,Älvdalsåsen
1951,Kvickers Olof,1904,Nils
1951,Ola Ferdinand,1891,Landafors
1951,Oskar Helmer,1904,Luleå
1951,Ragnar Valdemar,1898,
1951,Sven Gustaf Folke,1911,
1951,Yngve Berner,1905,
1951,Gustaf Åke Bertil,1910,Nybro
1951,Bror Edvard Folke,1910,Västerås
1951,Karl Göran,1898,Degerfors
1951,Anders Petter,1888,
1951,Axel Georg,1907,Visby
1951,Erik Albert,1889,
1951,Harald Anders Ivar,1918,
1951,John Wilhelm,1893,
1951,Paul Olof,1893,
1951,Nils Jakob Eberhard,1894,Albert
1951,Karl Artur,1911,Bredaryd
1951,Carl Göran,1916,Lund
1951,Rolf Gunnar,1915,
1951,Nanny Helena,1903,Kumla
1951,Axel Einar,1899,Malmö
1951,Karl Sigvard Emanuel,1909,
1951,Nils Ragnar Wiking,1897,Hässleholm
1951,Axel Ludvig,1888,
1951,Karl Arthur,1882,Dalum
1951,Sigurd Evald Ebbe,1907,Örebro
1951,Axel Olov Edvin,1900,Västerås
1951,Johan Malkolm Valfrid,1888,Sommen
1951,Olov Evert,1886,
1951,Hulda Maria Wiola,1910,Karlstad
1951,Richard Johannes,1884,
1951,Ragnhild Maria Andrea,1901,Teg
1951,Carl Sixtensson,1894,Göteborg
1951,Ossian Alfons,1904,Eskilstuna
1951,Knut Erik Waldemar,1889,
1951,Torgil Gabriel Alexander,1895,Bratteborg
1951,Karl Einar Sigfrid,1904,
1951,Erik Johan,1909,Gävle
1951,Frans Ferdinand,1889,Bromma
1951,Lennart Georg,1915,
1951,Hakon Lauritz Edgar,1887,Göteborg
1951,Bengt Johan Olof,1886,Trollhättan
1951,Birgitta Kristina,1910,Sunne
1951,Helga Kristina,1890,Umeå
1951,Anna Maria,1889,Göteborg
1951,Gösta Teodor,1903,
1951,Johan Martin,1892,Doverstorp
1951,Per Edvin,1891,
1951,Per Arthur,1898,Sundbyberg
1951,Johan Gustaf Emil,1896,Säter
1951,August Konrad Ferdinand,1893,Charlottenberg
1951,Ernst Valdemar,1898,
1951,Rolf Stig Stefan,1909,Ludvika
1951,Nils Göran,1915,Edsbyn
1951,Lennart Johan Viktor,1904,
1951,Axel Wilhelm,1893,
1951,Sten Erik,1908,Växjö
1951,Nils Georg,1892,Mjölby
1951,Gunnar Georg Emanuel,1906,
1951,Nils Albert,1901,Fagersta
1951,Carl Gustaf,1884,Sundsvall
1951,Fredrik Bernhard,1911,Bredbyn
1951,Gustaf Valfrid,1890,
1951,Otto Ragnar,1905,
1951,Sven Erik,1915,Nordingrå
1951,Nils Walter,1890,Skövde
1951,Johan Adolf,1890,Mjölby
1951,Karl Ivan Herbert,1918,
1951,Arthur Lage,1901,Burträsk
1951,Ellen Sofia Axelina,1891,Eskilstuna
1951,Erik Daniel,1909,
1951,Gustaf Ruben,1896,Örebro
1951,Nils Ragnar,1906,Tranemo
1951,Eric Adolf,1901,Malmö
1951,David Cornelius,1911,Stockholm
1951,Gärda Sofia,1895,
1951,Evert Ingemar,1925,Kungälv
1951,Gustav Hjalmar,1881,
1951,Gustaf Ludvig,1901,Reftele
1951,Jerker Uno,1897,Göteborg
1951,Karl Rikard,1900,Spjutsbygd
1951,Per Gustaf Ansgarius,1896,
1951,Alfrida Maria,1903,Kungsör
1951,Sven Arvid,1904,
1951,Sven Patrik,1895,Alingsås
1951,August Vilhelm,1879,Bollnäs
1951,Sten Torsten Roland,1906,Västerås
1951,Gustaf Fridolf,1899,
1951,Inga Margareta,1915,Stockholm
1951,Fritjof Wilhelm,1887,
1951,Karl Edvin,1898,Enköping
1951,Gunbjörg Marie,1912,Ramsjö
1951,Olof Leonard,1878,
1951,Tekla Jenny Linnea,1901,Kalmar
1951,Karl Birger,1884,Öckerö
1951,Hans Wilhelm Axelsson,1913,
1951,Sven Gösta William,1901,
1951,John Harry Alexan,1903,Kil
1951,Adolf Valentin,1898,Nacka
1951,Annie Emilia Elisa,1902,Nacka
1951,Annie Kristina,1912,
1951,Eivor Linnea,1904,Skutskär
1951,Karl Selim Valentin,1888,Norrköping
1951,Sven Mauritz,1913,Eskilstuna
1951,Ernst Jonas,1891,Malmö
1951,Johan Josef Emanuel,1893,Stockholm
1951,Karl Hjalmar Teodor,1887,Nässjö
1951,Oscar Emanuel,1889,
1951,Otto Jacob,1905,
1951,Karin Hillevi,1908,Linköping
1951,Lars Arthur,1905,
1951,Sven Johan,1908,
1951,Ernst Johannes,1881,
1951,Olof Walfrid,1902,Öjebyn
1951,Sven Albin Daniel,1911,Stockholm
1951,Edvard Emanuel,1907,
1951,Erik Anton,1894,
1951,Margit Selma Olasine,1901,Nacka
1951,Gustay Ivar,1908,
1951,Oskar Fridolf Johannes,1910,Örebro
1951,Karl Gustaf Salomon,1892,Mellösa
1951,Karl Knutsson,1889,
1951,Tor Herman,1891,
1951,Allan Georg Fredrik,1895,Lidingö
1951,Erik Gunnar,1919,Opphem
1951,Rebecka Desideria,1891,Stockholm
1951,Karl Ake Herman,1908,Stockholm
1951,Johan Östen,1910,Malung
1951,Frans Hjalmar,1892,
1951,Ernst Oskar,1896,
1951,Sten Ragnar,1900,
1951,Oskar Valter,1905,Enskede
1951,Erik Gösta,1904,Örebro
1951,Per Valfrid,1912,Märta
1951,Erik Leonard,1907,Avesta
1961,"Adolfsson, Tage",1920,Jordholmen
1961,"Andersson, Axel Emanuel",1897,Österfärnebo
1961,"Andersson, Carl Albert",1899,Bromma
1961,"Andersson, Ivar",1918,
1961,"Andersson, Lennart",1927,Södertälje
1961,"Anderson, Ruth",1908,Lerum
1961,"Andersson, Sten",1923,
1961,Tidningens Lucia,1895,Folkärna
1961,"Arweson, Bengt",1904,Gothem
1961,"Axelson, Anders",1910,Fagerås
1961,"Bengtson, Bengt",1915,Solna
1961,"Berglund, Frida",1922,Luleå
1961,"Bergman, Ingrid",1925,Svärdsjö
1961,"Bergqvist, Jan",1939,
1961,"Andersson, Ivar Berndtsson",1905,Bokenäs
1961,"Björck, Anders",1944,Nässjö
1961,"Boman, Märta",1902,
1961,"Branting, Georg",1887,Stockholm
1961,"Broberg, Hans",1906,Bofors
1961,"Brännström, Roland",1930,Skellefteå
1961,Burenstam Linder,1931,Djursholm
1961,"Carlqvist, Ingeborg",1901,Hälsingborg
1961,"Carlsson, Carl Walfrid",1901,Stockholm
1961,"Carlsson, Georg",1892,Köping
1961,"Carlsson, Gunnar",1902,Göteborg
1961,"Carlsson, Henning",1934,Tyresö
1961,"Carlsson, Oscar",1901,Säffle
1961,"Larsson, Uno",1915,Kristinehamn
1961,"Carlsson, Vilhelm Erik",1905,
1961,"Christenson, Carl",1899,Malmö
1961,"Dahl, Einar",1904,Uddevalla
1961,"Damström, Karl",1901,Domnarvet
1961,"Elmgren, Bengt",1901,Norrköping
1961,"Landberg, Maj",1922,
1961,Europarådet Elmstedt,1928,Ronneby
1961,"Eriksson, Etty",1897,Ängelholm
1961,"Ericson, Sture",1937,Örebro
1961,"Erlander, Tage",1901,Stockholm
1961,"Ewerlöf, Knut",1890,Stockholm
1961,"Fagerlund, Bengt",1914,
1961,"Fagerström, Lars",1910,Boden
1961,"Fahlander, Gustaf",1892,Eskilstuna
1961,"Feldt, Kjell",1931,
1961,"Winther, Ethel",1927,Älvsjö
1961,"Forsberg, Anders",1914,Nässjö
1961,"Forsling, Ruth",1923,Stockholm
1961,"Fredholm, Lars",1920,Malmö
1961,Nils Gustaf,1904,Sundsvall
1961,"Geijerstam, Sven",1913,
1961,"Gillström, Anselm",1899,
1961,"Gradin, Anita",1933,Stockholm
1961,"Grym, Jakob",1898,Svanstein
1961,"Gustavsson, Bengt",1925,
1961,"Gustavsson, Åke",1943,Nässjö
1961,Hyltander Hagberg,1891,Malmö
1961,"Hammarsten, Erik",1927,Älvsbyn
1961,"Hansson, Gustaf Henry",1894,Göteborg
1961,"Hansson, Stig",1913,Skurup
1961,"Hansson, Tage",1915,Piteå
1961,"Heurlin, Dagmar",1919,Bromma
1961,"Hedblom, Staffan",1924,Enskede
1961,"Hellström, Mats",1942,Stockholm
1961,"Hermansson, Rune",1917,Stockholm
1961,"Hjalmarson, Jarl",1904,Lidingö
1961,"Häll, Karl",1929,
1961,Hernelius Hörnlund,1924,Borås
1961,"Jadestig, Thure",1922,Hallstahammar
1961,"Jacobsson, Ernst",1897,Sala
1961,"Johansson, Anders",1891,Borås
1961,"Johansson, Erik",1923,Simrishamn
1961,"Johansson, John",1904,
1961,"Johansson, Olof",1897,Öckerö
1961,Robert Johansson,1915,Ljungby
1961,Harald Johnsson,1924,Blentarp
1961,"Jonsson, Jonas",1892,Bollnäs
1961,"Jonäng, Gunnel",1921,Bollnäs
1961,"Jäderberg, Anna",1898,Kiruna
1961,"Jönsson, Eric",1922,Malmö
1961,"Jönsson, Hans",1915,Arlöv
1961,"Jönsson, Karl",1895,
1961,"Kilsmo, Karl",1906,Flen
1961,"Kollberg, Gustaf",1891,Stockholm
1961,"Kronstrand, Johan",1897,
1961,"Källenius, Sten",1912,Stockholm
1961,"Larsson, Anton",1915,Tösse
1961,"Larsson, Nils",1900,Högsby
1961,"Levin, Karl",1923,Lund
1961,"Lidbom, Carl",1926,
1961,"Frostenson, Ulla",1910,
1961,"Lindahl, Lars",1894,Laxå
1961,"Lindberg, Marta",1912,Frövi
1961,"Lindberg, Sven",1930,
1961,"Lindekvist, Astrid",1907,Skellefteå
1961,"Lindström, Helge",1901,Brunflo
1961,"Lokander, Kaj",1913,Karlstad
1961,"Ludvigsson, Ingrid",1920,Torshälla
1961,"Lundbeck, Alice",1909,Stockholm
1961,"Lundblad, Grethe",1925,Hälsingborg
1961,"Lundblad, Margit",1906,Malmö
1961,"Löfberg, Bertil",1923,Malmö
1961,"Löfqvist, Thyra",1905,Mörrum
1961,"Magnusson, Nils",1912,Borås
1961,"Malmborg, Oscar",1892,Skövde
1961,"Marcusson, Eric",1918,Västerås
1961,"Mogård, Britt",1922,Tullinge
1961,"Myrdal, Alva",1902,Stockholm
1961,"Nilsson, Sven",1925,
1961,"Norberg, Eric",1907,Timrå
1961,"Nord, Josef",1894,Fyrunga
1961,"Nordenson, Jonas",1920,Saltsjöbaden
1961,Nyquist Nyman,1910,
1961,"Odhe, Nils",1908,Vinninga
1961,"Olofsson, Per",1889,Sveg
1961,"Ohlsson, Lilly",1903,Klagstorp
1961,"Olsson, Emanuel Olsson",1919,Timrå
1961,"Persson, Fritz",1904,Växjö
1961,"Pehrsson, Maj",1914,Hyssna
1961,"Persson, Nils",1901,Hörby
1961,"Persson, Ragnar",1898,Vinberg
1961,Pettersson Pettersson,1918,Malmö
1961,"Pettersson, Axel Georg",1918,Örebro
1961,"Pettersson, Gunnar",1899,Kungälv
1961,"Petersson, Hans",1926,
1961,"Pettersson, Karl",1917,Stugun
1961,"Ranmark, Dagmar",1899,
1961,"Ryding, Gunvor",1909,Rundviksverken
1961,"Sandler, Rickard",1884,Stockhom
1961,"Schmidt, Carl",1894,
1961,"Sellgren, Rolf",1919,Örnsköldsvik
1961,"Seth, Torgil Gabriel",1895,Bratteborg
1961,"Sigurdsen, Gertrud",1923,
1961,"Sjöholm, Sten",1917,Stockholm
1961,"Skantz, Anna",1923,Malmö
1961,"Skoglund, Gösta",1898,
1961,"Spetz, Gunnar",1891,Håbygård
1961,"Stenberg, Nils",1915,
1961,"Stiernstedt, Lennart",1904,Knivsta
1961,"Stigmarker, Stig",1919,Mullsjö
1961,Stiernstedt Strand,1893,Stockholm
1961,"Sundelin, Gustaf",1890,
1961,"Sundman, Per Olof",1922,Vaxholm
1961,"Svensson, Gärda",1895,Långås
1961,"Svensson, Per",1896,
1961,"Svensson, Rosalie",1903,Kungsör
1961,"Svensson, Waldemar",1897,Ljungskile
1961,"Sydow, Christian",1899,
1961,"Söderquist, Martin",1893,Solna
1961,"Söderström, Kurt",1914,
1961,"Sörenson, Lars",1920,
1961,"Thunborg, Carsten",1918,Skärholmen
1961,"Tistad, Eskil",1907,Uppsala
1961,"Torbrink, Tekla",1901,
1961,"Wachtmeister, Hans",1913,Johannishus
1961,Gunne Wallmark,1917,
1961,"Weibull, Gunnar",1919,Landskrona
1961,"Werbro, Wiking",1913,
1961,"Westberg, Hans",1926,Hofors
1961,"Wiklund, Olof",1902,Öjebyn
1961,"Wikström, Jan",1932,Stockholm
1961,"Zachrisson, Bertil",1926,Stockholm
1961,"Åkesson, Sten",1900,
1961,"Östlund, Carl",1894,Myckle
